Driver,Team,LapNumber,LapTime,Position,Stint,Compound,TyreLife
VER,Red Bull Racing,1.0,0 days 00:01:41.724000,9.0,1.0,HARD,1.0
VER,Red Bull Racing,2.0,0 days 00:01:34.260000,8.0,1.0,HARD,2.0
VER,Red Bull Racing,3.0,0 days 00:01:34.127000,8.0,1.0,HARD,3.0
VER,Red Bull Racing,4.0,0 days 00:01:32.935000,6.0,1.0,HARD,4.0
VER,Red Bull Racing,5.0,0 days 00:01:32.875000,6.0,1.0,HARD,5.0
VER,Red Bull Racing,6.0,0 days 00:01:32.753000,6.0,1.0,HARD,6.0
VER,Red Bull Racing,7.0,0 days 00:01:32.555000,6.0,1.0,HARD,7.0
VER,Red Bull Racing,8.0,0 days 00:01:32.947000,5.0,1.0,HARD,8.0
VER,Red Bull Racing,9.0,0 days 00:01:32.988000,4.0,1.0,HARD,9.0
VER,Red Bull Racing,10.0,0 days 00:01:32.740000,4.0,1.0,HARD,10.0
VER,Red Bull Racing,11.0,0 days 00:01:32.251000,4.0,1.0,HARD,11.0
VER,Red Bull Racing,12.0,0 days 00:01:32.304000,4.0,1.0,HARD,12.0
VER,Red Bull Racing,13.0,0 days 00:01:31.736000,4.0,1.0,HARD,13.0
VER,Red Bull Racing,14.0,0 days 00:01:32.193000,3.0,1.0,HARD,14.0
VER,Red Bull Racing,15.0,0 days 00:01:32.433000,2.0,1.0,HARD,15.0
VER,Red Bull Racing,16.0,0 days 00:01:32.333000,2.0,1.0,HARD,16.0
VER,Red Bull Racing,17.0,0 days 00:01:32.455000,2.0,1.0,HARD,17.0
VER,Red Bull Racing,18.0,0 days 00:01:32.124000,2.0,1.0,HARD,18.0
VER,Red Bull Racing,19.0,0 days 00:01:32.073000,2.0,1.0,HARD,19.0
VER,Red Bull Racing,20.0,0 days 00:01:32.203000,1.0,1.0,HARD,20.0
VER,Red Bull Racing,21.0,0 days 00:01:32.351000,1.0,1.0,HARD,21.0
VER,Red Bull Racing,22.0,0 days 00:01:32.267000,1.0,1.0,HARD,22.0
VER,Red Bull Racing,23.0,0 days 00:01:31.906000,1.0,1.0,HARD,23.0
VER,Red Bull Racing,24.0,0 days 00:01:32.126000,1.0,1.0,HARD,24.0
VER,Red Bull Racing,25.0,0 days 00:01:31.919000,1.0,1.0,HARD,25.0
VER,Red Bull Racing,26.0,0 days 00:01:31.922000,1.0,1.0,HARD,26.0
VER,Red Bull Racing,27.0,0 days 00:01:31.829000,1.0,1.0,HARD,27.0
VER,Red Bull Racing,28.0,0 days 00:01:31.776000,1.0,1.0,HARD,28.0
VER,Red Bull Racing,29.0,0 days 00:01:31.820000,1.0,1.0,HARD,29.0
VER,Red Bull Racing,30.0,0 days 00:01:32.484000,1.0,1.0,HARD,30.0
VER,Red Bull Racing,31.0,0 days 00:01:31.627000,1.0,1.0,HARD,31.0
VER,Red Bull Racing,32.0,0 days 00:01:31.293000,1.0,1.0,HARD,32.0
VER,Red Bull Racing,33.0,0 days 00:01:31.481000,1.0,1.0,HARD,33.0
VER,Red Bull Racing,34.0,0 days 00:01:31.430000,1.0,1.0,HARD,34.0
VER,Red Bull Racing,35.0,0 days 00:01:31.225000,1.0,1.0,HARD,35.0
VER,Red Bull Racing,36.0,0 days 00:01:31.384000,1.0,1.0,HARD,36.0
VER,Red Bull Racing,37.0,0 days 00:01:31.268000,1.0,1.0,HARD,37.0
VER,Red Bull Racing,38.0,0 days 00:01:31.199000,1.0,1.0,HARD,38.0
VER,Red Bull Racing,39.0,0 days 00:01:31.444000,1.0,1.0,HARD,39.0
VER,Red Bull Racing,40.0,0 days 00:01:31.288000,1.0,1.0,HARD,40.0
VER,Red Bull Racing,41.0,0 days 00:01:31.004000,1.0,1.0,HARD,41.0
VER,Red Bull Racing,42.0,0 days 00:01:31.122000,1.0,1.0,HARD,42.0
VER,Red Bull Racing,43.0,0 days 00:01:30.988000,1.0,1.0,HARD,43.0
VER,Red Bull Racing,44.0,0 days 00:01:31.056000,1.0,1.0,HARD,44.0
VER,Red Bull Racing,45.0,0 days 00:01:35.856000,1.0,1.0,HARD,45.0
VER,Red Bull Racing,46.0,0 days 00:01:46.123000,2.0,2.0,MEDIUM,1.0
VER,Red Bull Racing,47.0,0 days 00:01:31.179000,2.0,2.0,MEDIUM,2.0
VER,Red Bull Racing,48.0,0 days 00:01:30.637000,1.0,2.0,MEDIUM,3.0
VER,Red Bull Racing,49.0,0 days 00:01:30.910000,1.0,2.0,MEDIUM,4.0
VER,Red Bull Racing,50.0,0 days 00:01:30.837000,1.0,2.0,MEDIUM,5.0
VER,Red Bull Racing,51.0,0 days 00:01:30.699000,1.0,2.0,MEDIUM,6.0
VER,Red Bull Racing,52.0,0 days 00:01:30.372000,1.0,2.0,MEDIUM,7.0
VER,Red Bull Racing,53.0,0 days 00:01:30.546000,1.0,2.0,MEDIUM,8.0
VER,Red Bull Racing,54.0,0 days 00:01:30.492000,1.0,2.0,MEDIUM,9.0
VER,Red Bull Racing,55.0,0 days 00:01:30.391000,1.0,2.0,MEDIUM,10.0
VER,Red Bull Racing,56.0,0 days 00:01:29.708000,1.0,2.0,MEDIUM,11.0
VER,Red Bull Racing,57.0,0 days 00:01:30.273000,1.0,2.0,MEDIUM,12.0
PER,Red Bull Racing,1.0,0 days 00:01:36.191000,1.0,1.0,MEDIUM,1.0
PER,Red Bull Racing,2.0,0 days 00:01:33.963000,1.0,1.0,MEDIUM,2.0
PER,Red Bull Racing,3.0,0 days 00:01:33.516000,1.0,1.0,MEDIUM,3.0
PER,Red Bull Racing,4.0,0 days 00:01:33.079000,1.0,1.0,MEDIUM,4.0
PER,Red Bull Racing,5.0,0 days 00:01:33.258000,1.0,1.0,MEDIUM,5.0
PER,Red Bull Racing,6.0,0 days 00:01:33.362000,1.0,1.0,MEDIUM,6.0
PER,Red Bull Racing,7.0,0 days 00:01:32.865000,1.0,1.0,MEDIUM,7.0
PER,Red Bull Racing,8.0,0 days 00:01:33.142000,1.0,1.0,MEDIUM,8.0
PER,Red Bull Racing,9.0,0 days 00:01:33.096000,1.0,1.0,MEDIUM,9.0
PER,Red Bull Racing,10.0,0 days 00:01:32.599000,1.0,1.0,MEDIUM,10.0
PER,Red Bull Racing,11.0,0 days 00:01:32.478000,1.0,1.0,MEDIUM,11.0
PER,Red Bull Racing,12.0,0 days 00:01:32.370000,1.0,1.0,MEDIUM,12.0
PER,Red Bull Racing,13.0,0 days 00:01:31.916000,1.0,1.0,MEDIUM,13.0
PER,Red Bull Racing,14.0,0 days 00:01:32.624000,1.0,1.0,MEDIUM,14.0
PER,Red Bull Racing,15.0,0 days 00:01:32.603000,1.0,1.0,MEDIUM,15.0
PER,Red Bull Racing,16.0,0 days 00:01:33.063000,1.0,1.0,MEDIUM,16.0
PER,Red Bull Racing,17.0,0 days 00:01:32.903000,1.0,1.0,MEDIUM,17.0
PER,Red Bull Racing,18.0,0 days 00:01:32.491000,1.0,1.0,MEDIUM,18.0
PER,Red Bull Racing,19.0,0 days 00:01:32.700000,1.0,1.0,MEDIUM,19.0
PER,Red Bull Racing,20.0,0 days 00:01:37.863000,3.0,1.0,MEDIUM,20.0
PER,Red Bull Racing,21.0,0 days 00:01:46.826000,4.0,2.0,HARD,1.0
PER,Red Bull Racing,22.0,0 days 00:01:31.533000,3.0,2.0,HARD,2.0
PER,Red Bull Racing,23.0,0 days 00:01:31.864000,3.0,2.0,HARD,3.0
PER,Red Bull Racing,24.0,0 days 00:01:31.446000,3.0,2.0,HARD,4.0
PER,Red Bull Racing,25.0,0 days 00:01:31.444000,2.0,2.0,HARD,5.0
PER,Red Bull Racing,26.0,0 days 00:01:31.587000,2.0,2.0,HARD,6.0
PER,Red Bull Racing,27.0,0 days 00:01:31.852000,2.0,2.0,HARD,7.0
PER,Red Bull Racing,28.0,0 days 00:01:31.597000,2.0,2.0,HARD,8.0
PER,Red Bull Racing,29.0,0 days 00:01:31.583000,2.0,2.0,HARD,9.0
PER,Red Bull Racing,30.0,0 days 00:01:31.490000,2.0,2.0,HARD,10.0
PER,Red Bull Racing,31.0,0 days 00:01:32.111000,2.0,2.0,HARD,11.0
PER,Red Bull Racing,32.0,0 days 00:01:31.383000,2.0,2.0,HARD,12.0
PER,Red Bull Racing,33.0,0 days 00:01:31.791000,2.0,2.0,HARD,13.0
PER,Red Bull Racing,34.0,0 days 00:01:31.410000,2.0,2.0,HARD,14.0
PER,Red Bull Racing,35.0,0 days 00:01:31.326000,2.0,2.0,HARD,15.0
PER,Red Bull Racing,36.0,0 days 00:01:31.192000,2.0,2.0,HARD,16.0
PER,Red Bull Racing,37.0,0 days 00:01:31.435000,2.0,2.0,HARD,17.0
PER,Red Bull Racing,38.0,0 days 00:01:32.314000,2.0,2.0,HARD,18.0
PER,Red Bull Racing,39.0,0 days 00:01:31.755000,2.0,2.0,HARD,19.0
PER,Red Bull Racing,40.0,0 days 00:01:31.640000,2.0,2.0,HARD,20.0
PER,Red Bull Racing,41.0,0 days 00:01:31.506000,2.0,2.0,HARD,21.0
PER,Red Bull Racing,42.0,0 days 00:01:31.314000,2.0,2.0,HARD,22.0
PER,Red Bull Racing,43.0,0 days 00:01:31.214000,2.0,2.0,HARD,23.0
PER,Red Bull Racing,44.0,0 days 00:01:30.897000,2.0,2.0,HARD,24.0
PER,Red Bull Racing,45.0,0 days 00:01:31.291000,2.0,2.0,HARD,25.0
PER,Red Bull Racing,46.0,0 days 00:01:31.559000,1.0,2.0,HARD,26.0
PER,Red Bull Racing,47.0,0 days 00:01:31.783000,1.0,2.0,HARD,27.0
PER,Red Bull Racing,48.0,0 days 00:01:32.334000,2.0,2.0,HARD,28.0
PER,Red Bull Racing,49.0,0 days 00:01:30.997000,2.0,2.0,HARD,29.0
PER,Red Bull Racing,50.0,0 days 00:01:31.036000,2.0,2.0,HARD,30.0
PER,Red Bull Racing,51.0,0 days 00:01:31.247000,2.0,2.0,HARD,31.0
PER,Red Bull Racing,52.0,0 days 00:01:30.689000,2.0,2.0,HARD,32.0
PER,Red Bull Racing,53.0,0 days 00:01:30.688000,2.0,2.0,HARD,33.0
PER,Red Bull Racing,54.0,0 days 00:01:30.716000,2.0,2.0,HARD,34.0
PER,Red Bull Racing,55.0,0 days 00:01:30.635000,2.0,2.0,HARD,35.0
PER,Red Bull Racing,56.0,0 days 00:01:31.498000,2.0,2.0,HARD,36.0
PER,Red Bull Racing,57.0,0 days 00:01:30.560000,2.0,2.0,HARD,37.0
ALO,Aston Martin,1.0,0 days 00:01:37.248000,2.0,1.0,MEDIUM,2.0
ALO,Aston Martin,2.0,0 days 00:01:34.175000,2.0,1.0,MEDIUM,3.0
ALO,Aston Martin,3.0,0 days 00:01:33.258000,2.0,1.0,MEDIUM,4.0
ALO,Aston Martin,4.0,0 days 00:01:33.472000,2.0,1.0,MEDIUM,5.0
ALO,Aston Martin,5.0,0 days 00:01:33.756000,2.0,1.0,MEDIUM,6.0
ALO,Aston Martin,6.0,0 days 00:01:32.942000,2.0,1.0,MEDIUM,7.0
ALO,Aston Martin,7.0,0 days 00:01:33.067000,2.0,1.0,MEDIUM,8.0
ALO,Aston Martin,8.0,0 days 00:01:32.997000,2.0,1.0,MEDIUM,9.0
ALO,Aston Martin,9.0,0 days 00:01:32.951000,2.0,1.0,MEDIUM,10.0
ALO,Aston Martin,10.0,0 days 00:01:33.065000,2.0,1.0,MEDIUM,11.0
ALO,Aston Martin,11.0,0 days 00:01:32.999000,2.0,1.0,MEDIUM,12.0
ALO,Aston Martin,12.0,0 days 00:01:32.728000,2.0,1.0,MEDIUM,13.0
ALO,Aston Martin,13.0,0 days 00:01:32.399000,2.0,1.0,MEDIUM,14.0
ALO,Aston Martin,14.0,0 days 00:01:32.774000,2.0,1.0,MEDIUM,15.0
ALO,Aston Martin,15.0,0 days 00:01:33.718000,3.0,1.0,MEDIUM,16.0
ALO,Aston Martin,16.0,0 days 00:01:32.839000,3.0,1.0,MEDIUM,17.0
ALO,Aston Martin,17.0,0 days 00:01:32.938000,3.0,1.0,MEDIUM,18.0
ALO,Aston Martin,18.0,0 days 00:01:32.851000,3.0,1.0,MEDIUM,19.0
ALO,Aston Martin,19.0,0 days 00:01:32.948000,3.0,1.0,MEDIUM,20.0
ALO,Aston Martin,20.0,0 days 00:01:32.461000,2.0,1.0,MEDIUM,21.0
ALO,Aston Martin,21.0,0 days 00:01:32.426000,2.0,1.0,MEDIUM,22.0
ALO,Aston Martin,22.0,0 days 00:01:32.514000,2.0,1.0,MEDIUM,23.0
ALO,Aston Martin,23.0,0 days 00:01:32.266000,2.0,1.0,MEDIUM,24.0
ALO,Aston Martin,24.0,0 days 00:01:37.282000,2.0,1.0,MEDIUM,25.0
ALO,Aston Martin,25.0,0 days 00:01:47.051000,5.0,2.0,HARD,2.0
ALO,Aston Martin,26.0,0 days 00:01:32.135000,5.0,2.0,HARD,3.0
ALO,Aston Martin,27.0,0 days 00:01:32.721000,4.0,2.0,HARD,4.0
ALO,Aston Martin,28.0,0 days 00:01:32.228000,4.0,2.0,HARD,5.0
ALO,Aston Martin,29.0,0 days 00:01:32.394000,3.0,2.0,HARD,6.0
ALO,Aston Martin,30.0,0 days 00:01:32.693000,3.0,2.0,HARD,7.0
ALO,Aston Martin,31.0,0 days 00:01:32.591000,3.0,2.0,HARD,8.0
ALO,Aston Martin,32.0,0 days 00:01:32.302000,3.0,2.0,HARD,9.0
ALO,Aston Martin,33.0,0 days 00:01:32.355000,3.0,2.0,HARD,10.0
ALO,Aston Martin,34.0,0 days 00:01:32.404000,3.0,2.0,HARD,11.0
ALO,Aston Martin,35.0,0 days 00:01:31.944000,3.0,2.0,HARD,12.0
ALO,Aston Martin,36.0,0 days 00:01:32.007000,3.0,2.0,HARD,13.0
ALO,Aston Martin,37.0,0 days 00:01:31.466000,3.0,2.0,HARD,14.0
ALO,Aston Martin,38.0,0 days 00:01:31.347000,3.0,2.0,HARD,15.0
ALO,Aston Martin,39.0,0 days 00:01:31.404000,3.0,2.0,HARD,16.0
ALO,Aston Martin,40.0,0 days 00:01:31.514000,3.0,2.0,HARD,17.0
ALO,Aston Martin,41.0,0 days 00:01:31.290000,3.0,2.0,HARD,18.0
ALO,Aston Martin,42.0,0 days 00:01:31.262000,3.0,2.0,HARD,19.0
ALO,Aston Martin,43.0,0 days 00:01:31.212000,3.0,2.0,HARD,20.0
ALO,Aston Martin,44.0,0 days 00:01:31.760000,3.0,2.0,HARD,21.0
ALO,Aston Martin,45.0,0 days 00:01:31.601000,3.0,2.0,HARD,22.0
ALO,Aston Martin,46.0,0 days 00:01:31.917000,3.0,2.0,HARD,23.0
ALO,Aston Martin,47.0,0 days 00:01:31.613000,3.0,2.0,HARD,24.0
ALO,Aston Martin,48.0,0 days 00:01:31.585000,3.0,2.0,HARD,25.0
ALO,Aston Martin,49.0,0 days 00:01:31.690000,3.0,2.0,HARD,26.0
ALO,Aston Martin,50.0,0 days 00:01:31.873000,3.0,2.0,HARD,27.0
ALO,Aston Martin,51.0,0 days 00:01:30.798000,3.0,2.0,HARD,28.0
ALO,Aston Martin,52.0,0 days 00:01:32.252000,3.0,2.0,HARD,29.0
ALO,Aston Martin,53.0,0 days 00:01:31.735000,3.0,2.0,HARD,30.0
ALO,Aston Martin,54.0,0 days 00:01:31.454000,3.0,2.0,HARD,31.0
ALO,Aston Martin,55.0,0 days 00:01:31.760000,3.0,2.0,HARD,32.0
ALO,Aston Martin,56.0,0 days 00:01:31.595000,3.0,2.0,HARD,33.0
ALO,Aston Martin,57.0,0 days 00:01:30.519000,3.0,2.0,HARD,34.0
RUS,Mercedes,1.0,0 days 00:01:39.467000,5.0,1.0,MEDIUM,1.0
RUS,Mercedes,2.0,0 days 00:01:34.155000,5.0,1.0,MEDIUM,2.0
RUS,Mercedes,3.0,0 days 00:01:33.695000,5.0,1.0,MEDIUM,3.0
RUS,Mercedes,4.0,0 days 00:01:33.640000,5.0,1.0,MEDIUM,4.0
RUS,Mercedes,5.0,0 days 00:01:33.748000,5.0,1.0,MEDIUM,5.0
RUS,Mercedes,6.0,0 days 00:01:33.305000,5.0,1.0,MEDIUM,6.0
RUS,Mercedes,7.0,0 days 00:01:32.892000,5.0,1.0,MEDIUM,7.0
RUS,Mercedes,8.0,0 days 00:01:33.591000,6.0,1.0,MEDIUM,8.0
RUS,Mercedes,9.0,0 days 00:01:33.351000,6.0,1.0,MEDIUM,9.0
RUS,Mercedes,10.0,0 days 00:01:33.552000,5.0,1.0,MEDIUM,10.0
RUS,Mercedes,11.0,0 days 00:01:32.984000,5.0,1.0,MEDIUM,11.0
RUS,Mercedes,12.0,0 days 00:01:32.627000,5.0,1.0,MEDIUM,12.0
RUS,Mercedes,13.0,0 days 00:01:32.980000,5.0,1.0,MEDIUM,13.0
RUS,Mercedes,14.0,0 days 00:01:32.995000,5.0,1.0,MEDIUM,14.0
RUS,Mercedes,15.0,0 days 00:01:32.831000,5.0,1.0,MEDIUM,15.0
RUS,Mercedes,16.0,0 days 00:01:32.822000,5.0,1.0,MEDIUM,16.0
RUS,Mercedes,17.0,0 days 00:01:37.609000,5.0,1.0,MEDIUM,17.0
RUS,Mercedes,18.0,0 days 00:01:47.890000,12.0,2.0,HARD,1.0
RUS,Mercedes,19.0,0 days 00:01:32.805000,12.0,2.0,HARD,2.0
RUS,Mercedes,20.0,0 days 00:01:32.456000,11.0,2.0,HARD,3.0
RUS,Mercedes,21.0,0 days 00:01:32.700000,11.0,2.0,HARD,4.0
RUS,Mercedes,22.0,0 days 00:01:34.120000,10.0,2.0,HARD,5.0
RUS,Mercedes,23.0,0 days 00:01:32.767000,10.0,2.0,HARD,6.0
RUS,Mercedes,24.0,0 days 00:01:32.602000,9.0,2.0,HARD,7.0
RUS,Mercedes,25.0,0 days 00:01:32.422000,9.0,2.0,HARD,8.0
RUS,Mercedes,26.0,0 days 00:01:32.107000,8.0,2.0,HARD,9.0
RUS,Mercedes,27.0,0 days 00:01:32.155000,8.0,2.0,HARD,10.0
RUS,Mercedes,28.0,0 days 00:01:32.808000,7.0,2.0,HARD,11.0
RUS,Mercedes,29.0,0 days 00:01:31.956000,7.0,2.0,HARD,12.0
RUS,Mercedes,30.0,0 days 00:01:32.039000,7.0,2.0,HARD,13.0
RUS,Mercedes,31.0,0 days 00:01:32.281000,7.0,2.0,HARD,14.0
RUS,Mercedes,32.0,0 days 00:01:31.815000,6.0,2.0,HARD,15.0
RUS,Mercedes,33.0,0 days 00:01:32.410000,6.0,2.0,HARD,16.0
RUS,Mercedes,34.0,0 days 00:01:32.417000,6.0,2.0,HARD,17.0
RUS,Mercedes,35.0,0 days 00:01:31.865000,6.0,2.0,HARD,18.0
RUS,Mercedes,36.0,0 days 00:01:32.019000,5.0,2.0,HARD,19.0
RUS,Mercedes,37.0,0 days 00:01:32.257000,4.0,2.0,HARD,20.0
RUS,Mercedes,38.0,0 days 00:01:31.605000,4.0,2.0,HARD,21.0
RUS,Mercedes,39.0,0 days 00:01:32.016000,4.0,2.0,HARD,22.0
RUS,Mercedes,40.0,0 days 00:01:31.758000,4.0,2.0,HARD,23.0
RUS,Mercedes,41.0,0 days 00:01:31.780000,4.0,2.0,HARD,24.0
RUS,Mercedes,42.0,0 days 00:01:31.481000,4.0,2.0,HARD,25.0
RUS,Mercedes,43.0,0 days 00:01:31.556000,4.0,2.0,HARD,26.0
RUS,Mercedes,44.0,0 days 00:01:31.701000,4.0,2.0,HARD,27.0
RUS,Mercedes,45.0,0 days 00:01:32.042000,4.0,2.0,HARD,28.0
RUS,Mercedes,46.0,0 days 00:01:31.936000,4.0,2.0,HARD,29.0
RUS,Mercedes,47.0,0 days 00:01:31.749000,4.0,2.0,HARD,30.0
RUS,Mercedes,48.0,0 days 00:01:31.606000,4.0,2.0,HARD,31.0
RUS,Mercedes,49.0,0 days 00:01:31.395000,4.0,2.0,HARD,32.0
RUS,Mercedes,50.0,0 days 00:01:31.362000,4.0,2.0,HARD,33.0
RUS,Mercedes,51.0,0 days 00:01:31.266000,4.0,2.0,HARD,34.0
RUS,Mercedes,52.0,0 days 00:01:31.440000,4.0,2.0,HARD,35.0
RUS,Mercedes,53.0,0 days 00:01:31.590000,4.0,2.0,HARD,36.0
RUS,Mercedes,54.0,0 days 00:01:31.615000,4.0,2.0,HARD,37.0
RUS,Mercedes,55.0,0 days 00:01:31.320000,4.0,2.0,HARD,38.0
RUS,Mercedes,56.0,0 days 00:01:31.102000,4.0,2.0,HARD,39.0
RUS,Mercedes,57.0,0 days 00:01:31.015000,4.0,2.0,HARD,40.0
SAI,Ferrari,1.0,0 days 00:01:38.078000,3.0,1.0,MEDIUM,1.0
SAI,Ferrari,2.0,0 days 00:01:34.215000,3.0,1.0,MEDIUM,2.0
SAI,Ferrari,3.0,0 days 00:01:33.482000,3.0,1.0,MEDIUM,3.0
SAI,Ferrari,4.0,0 days 00:01:33.567000,3.0,1.0,MEDIUM,4.0
SAI,Ferrari,5.0,0 days 00:01:33.249000,3.0,1.0,MEDIUM,5.0
SAI,Ferrari,6.0,0 days 00:01:32.849000,3.0,1.0,MEDIUM,6.0
SAI,Ferrari,7.0,0 days 00:01:33.219000,3.0,1.0,MEDIUM,7.0
SAI,Ferrari,8.0,0 days 00:01:32.993000,3.0,1.0,MEDIUM,8.0
SAI,Ferrari,9.0,0 days 00:01:33.107000,3.0,1.0,MEDIUM,9.0
SAI,Ferrari,10.0,0 days 00:01:33.122000,3.0,1.0,MEDIUM,10.0
SAI,Ferrari,11.0,0 days 00:01:32.971000,3.0,1.0,MEDIUM,11.0
SAI,Ferrari,12.0,0 days 00:01:32.578000,3.0,1.0,MEDIUM,12.0
SAI,Ferrari,13.0,0 days 00:01:32.414000,3.0,1.0,MEDIUM,13.0
SAI,Ferrari,14.0,0 days 00:01:33.319000,4.0,1.0,MEDIUM,14.0
SAI,Ferrari,15.0,0 days 00:01:33.060000,4.0,1.0,MEDIUM,15.0
SAI,Ferrari,16.0,0 days 00:01:32.963000,4.0,1.0,MEDIUM,16.0
SAI,Ferrari,17.0,0 days 00:01:32.748000,4.0,1.0,MEDIUM,17.0
SAI,Ferrari,18.0,0 days 00:01:37.311000,4.0,1.0,MEDIUM,18.0
SAI,Ferrari,19.0,0 days 00:01:46.534000,7.0,2.0,HARD,1.0
SAI,Ferrari,20.0,0 days 00:01:32.209000,6.0,2.0,HARD,2.0
SAI,Ferrari,21.0,0 days 00:01:32.346000,5.0,2.0,HARD,3.0
SAI,Ferrari,22.0,0 days 00:01:32.619000,5.0,2.0,HARD,4.0
SAI,Ferrari,23.0,0 days 00:01:32.354000,5.0,2.0,HARD,5.0
SAI,Ferrari,24.0,0 days 00:01:32.387000,5.0,2.0,HARD,6.0
SAI,Ferrari,25.0,0 days 00:01:32.693000,4.0,2.0,HARD,7.0
SAI,Ferrari,26.0,0 days 00:01:32.556000,4.0,2.0,HARD,8.0
SAI,Ferrari,27.0,0 days 00:01:33.447000,5.0,2.0,HARD,9.0
SAI,Ferrari,28.0,0 days 00:01:32.749000,5.0,2.0,HARD,10.0
SAI,Ferrari,29.0,0 days 00:01:32.715000,5.0,2.0,HARD,11.0
SAI,Ferrari,30.0,0 days 00:01:32.716000,4.0,2.0,HARD,12.0
SAI,Ferrari,31.0,0 days 00:01:32.727000,4.0,2.0,HARD,13.0
SAI,Ferrari,32.0,0 days 00:01:32.321000,4.0,2.0,HARD,14.0
SAI,Ferrari,33.0,0 days 00:01:34.440000,5.0,2.0,HARD,15.0
SAI,Ferrari,34.0,0 days 00:01:31.953000,4.0,2.0,HARD,16.0
SAI,Ferrari,35.0,0 days 00:01:32.306000,4.0,2.0,HARD,17.0
SAI,Ferrari,36.0,0 days 00:01:32.914000,4.0,2.0,HARD,18.0
SAI,Ferrari,37.0,0 days 00:01:33.522000,5.0,2.0,HARD,19.0
SAI,Ferrari,38.0,0 days 00:01:32.507000,5.0,2.0,HARD,20.0
SAI,Ferrari,39.0,0 days 00:01:32.208000,5.0,2.0,HARD,21.0
SAI,Ferrari,40.0,0 days 00:01:31.867000,5.0,2.0,HARD,22.0
SAI,Ferrari,41.0,0 days 00:01:31.849000,5.0,2.0,HARD,23.0
SAI,Ferrari,42.0,0 days 00:01:31.942000,5.0,2.0,HARD,24.0
SAI,Ferrari,43.0,0 days 00:01:31.727000,5.0,2.0,HARD,25.0
SAI,Ferrari,44.0,0 days 00:01:31.634000,5.0,2.0,HARD,26.0
SAI,Ferrari,45.0,0 days 00:01:31.719000,5.0,2.0,HARD,27.0
SAI,Ferrari,46.0,0 days 00:01:31.801000,5.0,2.0,HARD,28.0
SAI,Ferrari,47.0,0 days 00:01:31.742000,5.0,2.0,HARD,29.0
SAI,Ferrari,48.0,0 days 00:01:31.616000,5.0,2.0,HARD,30.0
SAI,Ferrari,49.0,0 days 00:01:31.432000,5.0,2.0,HARD,31.0
SAI,Ferrari,50.0,0 days 00:01:31.775000,5.0,2.0,HARD,32.0
SAI,Ferrari,51.0,0 days 00:01:31.566000,5.0,2.0,HARD,33.0
SAI,Ferrari,52.0,0 days 00:01:31.551000,5.0,2.0,HARD,34.0
SAI,Ferrari,53.0,0 days 00:01:31.977000,5.0,2.0,HARD,35.0
SAI,Ferrari,54.0,0 days 00:01:31.554000,5.0,2.0,HARD,36.0
SAI,Ferrari,55.0,0 days 00:01:31.362000,5.0,2.0,HARD,37.0
SAI,Ferrari,56.0,0 days 00:01:31.707000,5.0,2.0,HARD,38.0
SAI,Ferrari,57.0,0 days 00:01:31.463000,5.0,2.0,HARD,39.0
HAM,Mercedes,1.0,0 days 00:01:44.363000,13.0,1.0,HARD,1.0
HAM,Mercedes,2.0,0 days 00:01:34.915000,13.0,1.0,HARD,2.0
HAM,Mercedes,3.0,0 days 00:01:34.057000,13.0,1.0,HARD,3.0
HAM,Mercedes,4.0,0 days 00:01:34.115000,13.0,1.0,HARD,4.0
HAM,Mercedes,5.0,0 days 00:01:33.803000,13.0,1.0,HARD,5.0
HAM,Mercedes,6.0,0 days 00:01:33.916000,13.0,1.0,HARD,6.0
HAM,Mercedes,7.0,0 days 00:01:33.360000,13.0,1.0,HARD,7.0
HAM,Mercedes,8.0,0 days 00:01:34.443000,13.0,1.0,HARD,8.0
HAM,Mercedes,9.0,0 days 00:01:33.370000,13.0,1.0,HARD,9.0
HAM,Mercedes,10.0,0 days 00:01:33.955000,13.0,1.0,HARD,10.0
HAM,Mercedes,11.0,0 days 00:01:33.339000,13.0,1.0,HARD,11.0
HAM,Mercedes,12.0,0 days 00:01:33.372000,13.0,1.0,HARD,12.0
HAM,Mercedes,13.0,0 days 00:01:33.583000,13.0,1.0,HARD,13.0
HAM,Mercedes,14.0,0 days 00:01:33.822000,13.0,1.0,HARD,14.0
HAM,Mercedes,15.0,0 days 00:01:33.354000,10.0,1.0,HARD,15.0
HAM,Mercedes,16.0,0 days 00:01:33.379000,9.0,1.0,HARD,16.0
HAM,Mercedes,17.0,0 days 00:01:33.113000,9.0,1.0,HARD,17.0
HAM,Mercedes,18.0,0 days 00:01:33.984000,7.0,1.0,HARD,18.0
HAM,Mercedes,19.0,0 days 00:01:33.316000,6.0,1.0,HARD,19.0
HAM,Mercedes,20.0,0 days 00:01:33.390000,7.0,1.0,HARD,20.0
HAM,Mercedes,21.0,0 days 00:01:33.197000,7.0,1.0,HARD,21.0
HAM,Mercedes,22.0,0 days 00:01:33.041000,7.0,1.0,HARD,22.0
HAM,Mercedes,23.0,0 days 00:01:32.999000,6.0,1.0,HARD,23.0
HAM,Mercedes,24.0,0 days 00:01:32.938000,6.0,1.0,HARD,24.0
HAM,Mercedes,25.0,0 days 00:01:33.013000,6.0,1.0,HARD,25.0
HAM,Mercedes,26.0,0 days 00:01:32.633000,6.0,1.0,HARD,26.0
HAM,Mercedes,27.0,0 days 00:01:32.878000,6.0,1.0,HARD,27.0
HAM,Mercedes,28.0,0 days 00:01:32.910000,6.0,1.0,HARD,28.0
HAM,Mercedes,29.0,0 days 00:01:32.583000,6.0,1.0,HARD,29.0
HAM,Mercedes,30.0,0 days 00:01:32.649000,6.0,1.0,HARD,30.0
HAM,Mercedes,31.0,0 days 00:01:32.614000,6.0,1.0,HARD,31.0
HAM,Mercedes,32.0,0 days 00:01:33.573000,7.0,1.0,HARD,32.0
HAM,Mercedes,33.0,0 days 00:01:32.422000,7.0,1.0,HARD,33.0
HAM,Mercedes,34.0,0 days 00:01:32.475000,7.0,1.0,HARD,34.0
HAM,Mercedes,35.0,0 days 00:01:32.629000,7.0,1.0,HARD,35.0
HAM,Mercedes,36.0,0 days 00:01:32.709000,7.0,1.0,HARD,36.0
HAM,Mercedes,37.0,0 days 00:01:37.819000,7.0,1.0,HARD,37.0
HAM,Mercedes,38.0,0 days 00:01:45.089000,12.0,2.0,MEDIUM,1.0
HAM,Mercedes,39.0,0 days 00:01:31.770000,11.0,2.0,MEDIUM,2.0
HAM,Mercedes,40.0,0 days 00:01:31.694000,10.0,2.0,MEDIUM,3.0
HAM,Mercedes,41.0,0 days 00:01:31.369000,10.0,2.0,MEDIUM,4.0
HAM,Mercedes,42.0,0 days 00:01:31.729000,10.0,2.0,MEDIUM,5.0
HAM,Mercedes,43.0,0 days 00:01:31.717000,9.0,2.0,MEDIUM,6.0
HAM,Mercedes,44.0,0 days 00:01:31.391000,9.0,2.0,MEDIUM,7.0
HAM,Mercedes,45.0,0 days 00:01:31.393000,9.0,2.0,MEDIUM,8.0
HAM,Mercedes,46.0,0 days 00:01:31.464000,8.0,2.0,MEDIUM,9.0
HAM,Mercedes,47.0,0 days 00:01:31.117000,8.0,2.0,MEDIUM,10.0
HAM,Mercedes,48.0,0 days 00:01:31.102000,8.0,2.0,MEDIUM,11.0
HAM,Mercedes,49.0,0 days 00:01:31.362000,8.0,2.0,MEDIUM,12.0
HAM,Mercedes,50.0,0 days 00:01:31.359000,8.0,2.0,MEDIUM,13.0
HAM,Mercedes,51.0,0 days 00:01:31.178000,8.0,2.0,MEDIUM,14.0
HAM,Mercedes,52.0,0 days 00:01:31.356000,8.0,2.0,MEDIUM,15.0
HAM,Mercedes,53.0,0 days 00:01:31.380000,7.0,2.0,MEDIUM,16.0
HAM,Mercedes,54.0,0 days 00:01:31.303000,6.0,2.0,MEDIUM,17.0
HAM,Mercedes,55.0,0 days 00:01:30.987000,6.0,2.0,MEDIUM,18.0
HAM,Mercedes,56.0,0 days 00:01:32.030000,6.0,2.0,MEDIUM,19.0
HAM,Mercedes,57.0,0 days 00:01:30.669000,6.0,2.0,MEDIUM,20.0
LEC,Ferrari,1.0,0 days 00:01:40.402000,6.0,1.0,MEDIUM,1.0
LEC,Ferrari,2.0,0 days 00:01:34.620000,6.0,1.0,MEDIUM,2.0
LEC,Ferrari,3.0,0 days 00:01:34.906000,6.0,1.0,MEDIUM,3.0
LEC,Ferrari,4.0,0 days 00:01:34.830000,8.0,1.0,MEDIUM,4.0
LEC,Ferrari,5.0,0 days 00:01:33.426000,8.0,1.0,MEDIUM,5.0
LEC,Ferrari,6.0,0 days 00:01:33.619000,8.0,1.0,MEDIUM,6.0
LEC,Ferrari,7.0,0 days 00:01:33.274000,8.0,1.0,MEDIUM,7.0
LEC,Ferrari,8.0,0 days 00:01:33.300000,8.0,1.0,MEDIUM,8.0
LEC,Ferrari,9.0,0 days 00:01:33.315000,8.0,1.0,MEDIUM,9.0
LEC,Ferrari,10.0,0 days 00:01:33.322000,8.0,1.0,MEDIUM,10.0
LEC,Ferrari,11.0,0 days 00:01:32.876000,8.0,1.0,MEDIUM,11.0
LEC,Ferrari,12.0,0 days 00:01:33.063000,8.0,1.0,MEDIUM,12.0
LEC,Ferrari,13.0,0 days 00:01:34.593000,8.0,1.0,MEDIUM,13.0
LEC,Ferrari,14.0,0 days 00:01:33.747000,7.0,1.0,MEDIUM,14.0
LEC,Ferrari,15.0,0 days 00:01:33.435000,6.0,1.0,MEDIUM,15.0
LEC,Ferrari,16.0,0 days 00:01:33.350000,6.0,1.0,MEDIUM,16.0
LEC,Ferrari,17.0,0 days 00:01:37.645000,7.0,1.0,MEDIUM,17.0
LEC,Ferrari,18.0,0 days 00:01:48.229000,15.0,2.0,HARD,1.0
LEC,Ferrari,19.0,0 days 00:01:33.391000,15.0,2.0,HARD,2.0
LEC,Ferrari,20.0,0 days 00:01:32.826000,15.0,2.0,HARD,3.0
LEC,Ferrari,21.0,0 days 00:01:33.034000,15.0,2.0,HARD,4.0
LEC,Ferrari,22.0,0 days 00:01:32.792000,15.0,2.0,HARD,5.0
LEC,Ferrari,23.0,0 days 00:01:32.582000,14.0,2.0,HARD,6.0
LEC,Ferrari,24.0,0 days 00:01:33.038000,14.0,2.0,HARD,7.0
LEC,Ferrari,25.0,0 days 00:01:32.612000,14.0,2.0,HARD,8.0
LEC,Ferrari,26.0,0 days 00:01:32.670000,14.0,2.0,HARD,9.0
LEC,Ferrari,27.0,0 days 00:01:32.479000,13.0,2.0,HARD,10.0
LEC,Ferrari,28.0,0 days 00:01:32.484000,13.0,2.0,HARD,11.0
LEC,Ferrari,29.0,0 days 00:01:32.510000,13.0,2.0,HARD,12.0
LEC,Ferrari,30.0,0 days 00:01:32.238000,13.0,2.0,HARD,13.0
LEC,Ferrari,31.0,0 days 00:01:31.911000,13.0,2.0,HARD,14.0
LEC,Ferrari,32.0,0 days 00:01:32.062000,13.0,2.0,HARD,15.0
LEC,Ferrari,33.0,0 days 00:01:32.585000,12.0,2.0,HARD,16.0
LEC,Ferrari,34.0,0 days 00:01:32.550000,12.0,2.0,HARD,17.0
LEC,Ferrari,35.0,0 days 00:01:32.734000,12.0,2.0,HARD,18.0
LEC,Ferrari,36.0,0 days 00:01:32.833000,11.0,2.0,HARD,19.0
LEC,Ferrari,37.0,0 days 00:01:33.652000,11.0,2.0,HARD,20.0
LEC,Ferrari,38.0,0 days 00:01:32.262000,9.0,2.0,HARD,21.0
LEC,Ferrari,39.0,0 days 00:01:32.386000,9.0,2.0,HARD,22.0
LEC,Ferrari,40.0,0 days 00:01:32.105000,8.0,2.0,HARD,23.0
LEC,Ferrari,41.0,0 days 00:01:31.977000,8.0,2.0,HARD,24.0
LEC,Ferrari,42.0,0 days 00:01:31.768000,7.0,2.0,HARD,25.0
LEC,Ferrari,43.0,0 days 00:01:31.577000,7.0,2.0,HARD,26.0
LEC,Ferrari,44.0,0 days 00:01:31.831000,7.0,2.0,HARD,27.0
LEC,Ferrari,45.0,0 days 00:01:31.683000,7.0,2.0,HARD,28.0
LEC,Ferrari,46.0,0 days 00:01:32.105000,7.0,2.0,HARD,29.0
LEC,Ferrari,47.0,0 days 00:01:31.987000,7.0,2.0,HARD,30.0
LEC,Ferrari,48.0,0 days 00:01:31.732000,7.0,2.0,HARD,31.0
LEC,Ferrari,49.0,0 days 00:01:31.891000,7.0,2.0,HARD,32.0
LEC,Ferrari,50.0,0 days 00:01:32.170000,7.0,2.0,HARD,33.0
LEC,Ferrari,51.0,0 days 00:01:31.777000,7.0,2.0,HARD,34.0
LEC,Ferrari,52.0,0 days 00:01:31.532000,7.0,2.0,HARD,35.0
LEC,Ferrari,53.0,0 days 00:01:32.265000,6.0,2.0,HARD,36.0
LEC,Ferrari,54.0,0 days 00:01:32.353000,7.0,2.0,HARD,37.0
LEC,Ferrari,55.0,0 days 00:01:31.832000,7.0,2.0,HARD,38.0
LEC,Ferrari,56.0,0 days 00:01:31.627000,7.0,2.0,HARD,39.0
LEC,Ferrari,57.0,0 days 00:01:31.434000,7.0,2.0,HARD,40.0
GAS,Alpine,1.0,0 days 00:01:38.764000,4.0,1.0,MEDIUM,1.0
GAS,Alpine,2.0,0 days 00:01:34.166000,4.0,1.0,MEDIUM,2.0
GAS,Alpine,3.0,0 days 00:01:33.530000,4.0,1.0,MEDIUM,3.0
GAS,Alpine,4.0,0 days 00:01:33.531000,4.0,1.0,MEDIUM,4.0
GAS,Alpine,5.0,0 days 00:01:33.372000,4.0,1.0,MEDIUM,5.0
GAS,Alpine,6.0,0 days 00:01:33.404000,4.0,1.0,MEDIUM,6.0
GAS,Alpine,7.0,0 days 00:01:33.369000,4.0,1.0,MEDIUM,7.0
GAS,Alpine,8.0,0 days 00:01:33.214000,4.0,1.0,MEDIUM,8.0
GAS,Alpine,9.0,0 days 00:01:34.272000,5.0,1.0,MEDIUM,9.0
GAS,Alpine,10.0,0 days 00:01:34.819000,6.0,1.0,MEDIUM,10.0
GAS,Alpine,11.0,0 days 00:01:33.145000,6.0,1.0,MEDIUM,11.0
GAS,Alpine,12.0,0 days 00:01:33.329000,6.0,1.0,MEDIUM,12.0
GAS,Alpine,13.0,0 days 00:01:33.259000,6.0,1.0,MEDIUM,13.0
GAS,Alpine,14.0,0 days 00:01:33.743000,6.0,1.0,MEDIUM,14.0
GAS,Alpine,15.0,0 days 00:01:38.406000,8.0,1.0,MEDIUM,15.0
GAS,Alpine,16.0,0 days 00:01:48.049000,14.0,2.0,HARD,1.0
GAS,Alpine,17.0,0 days 00:01:32.301000,14.0,2.0,HARD,2.0
GAS,Alpine,18.0,0 days 00:01:32.436000,13.0,2.0,HARD,3.0
GAS,Alpine,19.0,0 days 00:01:32.478000,13.0,2.0,HARD,4.0
GAS,Alpine,20.0,0 days 00:01:32.815000,13.0,2.0,HARD,5.0
GAS,Alpine,21.0,0 days 00:01:33.005000,13.0,2.0,HARD,6.0
GAS,Alpine,22.0,0 days 00:01:32.515000,11.0,2.0,HARD,7.0
GAS,Alpine,23.0,0 days 00:01:32.750000,11.0,2.0,HARD,8.0
GAS,Alpine,24.0,0 days 00:01:32.766000,11.0,2.0,HARD,9.0
GAS,Alpine,25.0,0 days 00:01:32.293000,10.0,2.0,HARD,10.0
GAS,Alpine,26.0,0 days 00:01:32.837000,10.0,2.0,HARD,11.0
GAS,Alpine,27.0,0 days 00:01:32.769000,10.0,2.0,HARD,12.0
GAS,Alpine,28.0,0 days 00:01:33.021000,10.0,2.0,HARD,13.0
GAS,Alpine,29.0,0 days 00:01:32.543000,10.0,2.0,HARD,14.0
GAS,Alpine,30.0,0 days 00:01:32.518000,10.0,2.0,HARD,15.0
GAS,Alpine,31.0,0 days 00:01:32.573000,10.0,2.0,HARD,16.0
GAS,Alpine,32.0,0 days 00:01:33.164000,10.0,2.0,HARD,17.0
GAS,Alpine,33.0,0 days 00:01:34.459000,9.0,2.0,HARD,18.0
GAS,Alpine,34.0,0 days 00:01:32.054000,9.0,2.0,HARD,19.0
GAS,Alpine,35.0,0 days 00:01:32.586000,9.0,2.0,HARD,20.0
GAS,Alpine,36.0,0 days 00:01:32.320000,8.0,2.0,HARD,21.0
GAS,Alpine,37.0,0 days 00:01:32.259000,8.0,2.0,HARD,22.0
GAS,Alpine,38.0,0 days 00:01:32.352000,7.0,2.0,HARD,23.0
GAS,Alpine,39.0,0 days 00:01:32.254000,7.0,2.0,HARD,24.0
GAS,Alpine,40.0,0 days 00:01:32.125000,6.0,2.0,HARD,25.0
GAS,Alpine,41.0,0 days 00:01:32.158000,6.0,2.0,HARD,26.0
GAS,Alpine,42.0,0 days 00:01:32.189000,6.0,2.0,HARD,27.0
GAS,Alpine,43.0,0 days 00:01:32.148000,6.0,2.0,HARD,28.0
GAS,Alpine,44.0,0 days 00:01:32.143000,6.0,2.0,HARD,29.0
GAS,Alpine,45.0,0 days 00:01:32.220000,6.0,2.0,HARD,30.0
GAS,Alpine,46.0,0 days 00:01:32.520000,6.0,2.0,HARD,31.0
GAS,Alpine,47.0,0 days 00:01:32.170000,6.0,2.0,HARD,32.0
GAS,Alpine,48.0,0 days 00:01:31.991000,6.0,2.0,HARD,33.0
GAS,Alpine,49.0,0 days 00:01:32.067000,6.0,2.0,HARD,34.0
GAS,Alpine,50.0,0 days 00:01:32.112000,6.0,2.0,HARD,35.0
GAS,Alpine,51.0,0 days 00:01:32.053000,6.0,2.0,HARD,36.0
GAS,Alpine,52.0,0 days 00:01:32.105000,6.0,2.0,HARD,37.0
GAS,Alpine,53.0,0 days 00:01:34.067000,8.0,2.0,HARD,38.0
GAS,Alpine,54.0,0 days 00:01:32.393000,8.0,2.0,HARD,39.0
GAS,Alpine,55.0,0 days 00:01:31.971000,8.0,2.0,HARD,40.0
GAS,Alpine,56.0,0 days 00:01:32.025000,8.0,2.0,HARD,41.0
GAS,Alpine,57.0,0 days 00:01:32.014000,8.0,2.0,HARD,42.0
OCO,Alpine,1.0,0 days 00:01:42.184000,10.0,1.0,HARD,1.0
OCO,Alpine,2.0,0 days 00:01:35.207000,10.0,1.0,HARD,2.0
OCO,Alpine,3.0,0 days 00:01:33.948000,10.0,1.0,HARD,3.0
OCO,Alpine,4.0,0 days 00:01:34.344000,10.0,1.0,HARD,4.0
OCO,Alpine,5.0,0 days 00:01:33.355000,9.0,1.0,HARD,5.0
OCO,Alpine,6.0,0 days 00:01:33.521000,9.0,1.0,HARD,6.0
OCO,Alpine,7.0,0 days 00:01:33.357000,9.0,1.0,HARD,7.0
OCO,Alpine,8.0,0 days 00:01:33.317000,9.0,1.0,HARD,8.0
OCO,Alpine,9.0,0 days 00:01:33.298000,9.0,1.0,HARD,9.0
OCO,Alpine,10.0,0 days 00:01:33.241000,9.0,1.0,HARD,10.0
OCO,Alpine,11.0,0 days 00:01:33.095000,9.0,1.0,HARD,11.0
OCO,Alpine,12.0,0 days 00:01:33.107000,9.0,1.0,HARD,12.0
OCO,Alpine,13.0,0 days 00:01:34.313000,9.0,1.0,HARD,13.0
OCO,Alpine,14.0,0 days 00:01:33.933000,8.0,1.0,HARD,14.0
OCO,Alpine,15.0,0 days 00:01:33.258000,7.0,1.0,HARD,15.0
OCO,Alpine,16.0,0 days 00:01:33.221000,7.0,1.0,HARD,16.0
OCO,Alpine,17.0,0 days 00:01:33.148000,6.0,1.0,HARD,17.0
OCO,Alpine,18.0,0 days 00:01:32.938000,5.0,1.0,HARD,18.0
OCO,Alpine,19.0,0 days 00:01:33.243000,4.0,1.0,HARD,19.0
OCO,Alpine,20.0,0 days 00:01:32.840000,4.0,1.0,HARD,20.0
OCO,Alpine,21.0,0 days 00:01:33.164000,3.0,1.0,HARD,21.0
OCO,Alpine,22.0,0 days 00:01:33.681000,4.0,1.0,HARD,22.0
OCO,Alpine,23.0,0 days 00:01:33.104000,4.0,1.0,HARD,23.0
OCO,Alpine,24.0,0 days 00:01:32.904000,4.0,1.0,HARD,24.0
OCO,Alpine,25.0,0 days 00:01:32.984000,3.0,1.0,HARD,25.0
OCO,Alpine,26.0,0 days 00:01:33.161000,3.0,1.0,HARD,26.0
OCO,Alpine,27.0,0 days 00:01:32.857000,3.0,1.0,HARD,27.0
OCO,Alpine,28.0,0 days 00:01:32.882000,3.0,1.0,HARD,28.0
OCO,Alpine,29.0,0 days 00:01:33.657000,4.0,1.0,HARD,29.0
OCO,Alpine,30.0,0 days 00:01:33.817000,5.0,1.0,HARD,30.0
OCO,Alpine,31.0,0 days 00:01:33.298000,5.0,1.0,HARD,31.0
OCO,Alpine,32.0,0 days 00:01:32.775000,5.0,1.0,HARD,32.0
OCO,Alpine,33.0,0 days 00:01:32.303000,4.0,1.0,HARD,33.0
OCO,Alpine,34.0,0 days 00:01:33.211000,5.0,1.0,HARD,34.0
OCO,Alpine,35.0,0 days 00:01:32.890000,5.0,1.0,HARD,35.0
OCO,Alpine,36.0,0 days 00:01:33.199000,6.0,1.0,HARD,36.0
OCO,Alpine,37.0,0 days 00:01:32.674000,6.0,1.0,HARD,37.0
OCO,Alpine,38.0,0 days 00:01:32.580000,6.0,1.0,HARD,38.0
OCO,Alpine,39.0,0 days 00:01:37.507000,6.0,1.0,HARD,39.0
OCO,Alpine,40.0,0 days 00:01:45.730000,11.0,2.0,MEDIUM,1.0
OCO,Alpine,41.0,0 days 00:01:31.810000,11.0,2.0,MEDIUM,2.0
OCO,Alpine,42.0,0 days 00:01:31.708000,11.0,2.0,MEDIUM,3.0
OCO,Alpine,43.0,0 days 00:01:31.754000,10.0,2.0,MEDIUM,4.0
OCO,Alpine,44.0,0 days 00:01:31.454000,10.0,2.0,MEDIUM,5.0
OCO,Alpine,45.0,0 days 00:01:31.566000,10.0,2.0,MEDIUM,6.0
OCO,Alpine,46.0,0 days 00:01:31.968000,10.0,2.0,MEDIUM,7.0
OCO,Alpine,47.0,0 days 00:01:32.222000,9.0,2.0,MEDIUM,8.0
OCO,Alpine,48.0,0 days 00:01:31.724000,9.0,2.0,MEDIUM,9.0
OCO,Alpine,49.0,0 days 00:01:32.209000,9.0,2.0,MEDIUM,10.0
OCO,Alpine,50.0,0 days 00:01:32.086000,9.0,2.0,MEDIUM,11.0
OCO,Alpine,51.0,0 days 00:01:31.795000,9.0,2.0,MEDIUM,12.0
OCO,Alpine,52.0,0 days 00:01:31.582000,9.0,2.0,MEDIUM,13.0
OCO,Alpine,53.0,0 days 00:01:31.842000,9.0,2.0,MEDIUM,14.0
OCO,Alpine,54.0,0 days 00:01:31.537000,9.0,2.0,MEDIUM,15.0
OCO,Alpine,55.0,0 days 00:01:31.289000,9.0,2.0,MEDIUM,16.0
OCO,Alpine,56.0,0 days 00:01:31.143000,9.0,2.0,MEDIUM,17.0
OCO,Alpine,57.0,0 days 00:01:31.429000,9.0,2.0,MEDIUM,18.0
MAG,Haas F1 Team,1.0,0 days 00:01:40.860000,7.0,1.0,MEDIUM,1.0
MAG,Haas F1 Team,2.0,0 days 00:01:34.557000,7.0,1.0,MEDIUM,2.0
MAG,Haas F1 Team,3.0,0 days 00:01:34.580000,7.0,1.0,MEDIUM,3.0
MAG,Haas F1 Team,4.0,0 days 00:01:34.079000,7.0,1.0,MEDIUM,4.0
MAG,Haas F1 Team,5.0,0 days 00:01:33.281000,7.0,1.0,MEDIUM,5.0
MAG,Haas F1 Team,6.0,0 days 00:01:33.595000,7.0,1.0,MEDIUM,6.0
MAG,Haas F1 Team,7.0,0 days 00:01:33.163000,7.0,1.0,MEDIUM,7.0
MAG,Haas F1 Team,8.0,0 days 00:01:33.136000,7.0,1.0,MEDIUM,8.0
MAG,Haas F1 Team,9.0,0 days 00:01:33.293000,7.0,1.0,MEDIUM,9.0
MAG,Haas F1 Team,10.0,0 days 00:01:33.551000,7.0,1.0,MEDIUM,10.0
MAG,Haas F1 Team,11.0,0 days 00:01:33.431000,7.0,1.0,MEDIUM,11.0
MAG,Haas F1 Team,12.0,0 days 00:01:33.148000,7.0,1.0,MEDIUM,12.0
MAG,Haas F1 Team,13.0,0 days 00:01:34.546000,7.0,1.0,MEDIUM,13.0
MAG,Haas F1 Team,14.0,0 days 00:01:38.728000,12.0,1.0,MEDIUM,14.0
MAG,Haas F1 Team,15.0,0 days 00:01:47.363000,16.0,2.0,HARD,1.0
MAG,Haas F1 Team,16.0,0 days 00:01:32.134000,15.0,2.0,HARD,2.0
MAG,Haas F1 Team,17.0,0 days 00:01:32.645000,15.0,2.0,HARD,3.0
MAG,Haas F1 Team,18.0,0 days 00:01:32.418000,14.0,2.0,HARD,4.0
MAG,Haas F1 Team,19.0,0 days 00:01:32.833000,14.0,2.0,HARD,5.0
MAG,Haas F1 Team,20.0,0 days 00:01:33.613000,14.0,2.0,HARD,6.0
MAG,Haas F1 Team,21.0,0 days 00:01:32.334000,14.0,2.0,HARD,7.0
MAG,Haas F1 Team,22.0,0 days 00:01:32.522000,13.0,2.0,HARD,8.0
MAG,Haas F1 Team,23.0,0 days 00:01:33.278000,13.0,2.0,HARD,9.0
MAG,Haas F1 Team,24.0,0 days 00:01:33.203000,12.0,2.0,HARD,10.0
MAG,Haas F1 Team,25.0,0 days 00:01:32.734000,12.0,2.0,HARD,11.0
MAG,Haas F1 Team,26.0,0 days 00:01:33.039000,12.0,2.0,HARD,12.0
MAG,Haas F1 Team,27.0,0 days 00:01:32.854000,12.0,2.0,HARD,13.0
MAG,Haas F1 Team,28.0,0 days 00:01:32.585000,12.0,2.0,HARD,14.0
MAG,Haas F1 Team,29.0,0 days 00:01:32.426000,12.0,2.0,HARD,15.0
MAG,Haas F1 Team,30.0,0 days 00:01:32.433000,12.0,2.0,HARD,16.0
MAG,Haas F1 Team,31.0,0 days 00:01:32.256000,12.0,2.0,HARD,17.0
MAG,Haas F1 Team,32.0,0 days 00:01:32.592000,12.0,2.0,HARD,18.0
MAG,Haas F1 Team,33.0,0 days 00:01:33.400000,11.0,2.0,HARD,19.0
MAG,Haas F1 Team,34.0,0 days 00:01:32.600000,11.0,2.0,HARD,20.0
MAG,Haas F1 Team,35.0,0 days 00:01:32.958000,11.0,2.0,HARD,21.0
MAG,Haas F1 Team,36.0,0 days 00:01:33.329000,12.0,2.0,HARD,22.0
MAG,Haas F1 Team,37.0,0 days 00:01:33.335000,10.0,2.0,HARD,23.0
MAG,Haas F1 Team,38.0,0 days 00:01:33.578000,10.0,2.0,HARD,24.0
MAG,Haas F1 Team,39.0,0 days 00:01:32.629000,10.0,2.0,HARD,25.0
MAG,Haas F1 Team,40.0,0 days 00:01:32.732000,9.0,2.0,HARD,26.0
MAG,Haas F1 Team,41.0,0 days 00:01:32.678000,9.0,2.0,HARD,27.0
MAG,Haas F1 Team,42.0,0 days 00:01:32.456000,9.0,2.0,HARD,28.0
MAG,Haas F1 Team,43.0,0 days 00:01:32.516000,8.0,2.0,HARD,29.0
MAG,Haas F1 Team,44.0,0 days 00:01:32.292000,8.0,2.0,HARD,30.0
MAG,Haas F1 Team,45.0,0 days 00:01:32.120000,8.0,2.0,HARD,31.0
MAG,Haas F1 Team,46.0,0 days 00:01:33.209000,9.0,2.0,HARD,32.0
MAG,Haas F1 Team,47.0,0 days 00:01:33.387000,10.0,2.0,HARD,33.0
MAG,Haas F1 Team,48.0,0 days 00:01:32.591000,10.0,2.0,HARD,34.0
MAG,Haas F1 Team,49.0,0 days 00:01:32.402000,10.0,2.0,HARD,35.0
MAG,Haas F1 Team,50.0,0 days 00:01:32.462000,10.0,2.0,HARD,36.0
MAG,Haas F1 Team,51.0,0 days 00:01:32.237000,10.0,2.0,HARD,37.0
MAG,Haas F1 Team,52.0,0 days 00:01:31.964000,10.0,2.0,HARD,38.0
MAG,Haas F1 Team,53.0,0 days 00:01:31.691000,10.0,2.0,HARD,39.0
MAG,Haas F1 Team,54.0,0 days 00:01:31.893000,10.0,2.0,HARD,40.0
MAG,Haas F1 Team,55.0,0 days 00:01:31.735000,10.0,2.0,HARD,41.0
MAG,Haas F1 Team,56.0,0 days 00:01:31.757000,10.0,2.0,HARD,42.0
MAG,Haas F1 Team,57.0,0 days 00:01:32.025000,10.0,2.0,HARD,43.0
TSU,AlphaTauri,1.0,0 days 00:01:45.736000,15.0,1.0,HARD,1.0
TSU,AlphaTauri,2.0,0 days 00:01:35.313000,15.0,1.0,HARD,2.0
TSU,AlphaTauri,3.0,0 days 00:01:34.278000,15.0,1.0,HARD,3.0
TSU,AlphaTauri,4.0,0 days 00:01:33.804000,15.0,1.0,HARD,4.0
TSU,AlphaTauri,5.0,0 days 00:01:33.698000,14.0,1.0,HARD,5.0
TSU,AlphaTauri,6.0,0 days 00:01:33.591000,14.0,1.0,HARD,6.0
TSU,AlphaTauri,7.0,0 days 00:01:33.259000,14.0,1.0,HARD,7.0
TSU,AlphaTauri,8.0,0 days 00:01:33.968000,14.0,1.0,HARD,8.0
TSU,AlphaTauri,9.0,0 days 00:01:33.447000,14.0,1.0,HARD,9.0
TSU,AlphaTauri,10.0,0 days 00:01:33.759000,14.0,1.0,HARD,10.0
TSU,AlphaTauri,11.0,0 days 00:01:33.565000,14.0,1.0,HARD,11.0
TSU,AlphaTauri,12.0,0 days 00:01:33.186000,14.0,1.0,HARD,12.0
TSU,AlphaTauri,13.0,0 days 00:01:33.562000,14.0,1.0,HARD,13.0
TSU,AlphaTauri,14.0,0 days 00:01:33.877000,14.0,1.0,HARD,14.0
TSU,AlphaTauri,15.0,0 days 00:01:33.713000,12.0,1.0,HARD,15.0
TSU,AlphaTauri,16.0,0 days 00:01:33.744000,11.0,1.0,HARD,16.0
TSU,AlphaTauri,17.0,0 days 00:01:34.294000,11.0,1.0,HARD,17.0
TSU,AlphaTauri,18.0,0 days 00:01:33.406000,9.0,1.0,HARD,18.0
TSU,AlphaTauri,19.0,0 days 00:01:33.905000,9.0,1.0,HARD,19.0
TSU,AlphaTauri,20.0,0 days 00:01:33.384000,9.0,1.0,HARD,20.0
TSU,AlphaTauri,21.0,0 days 00:01:33.675000,8.0,1.0,HARD,21.0
TSU,AlphaTauri,22.0,0 days 00:01:32.977000,8.0,1.0,HARD,22.0
TSU,AlphaTauri,23.0,0 days 00:01:33.181000,8.0,1.0,HARD,23.0
TSU,AlphaTauri,24.0,0 days 00:01:33.093000,8.0,1.0,HARD,24.0
TSU,AlphaTauri,25.0,0 days 00:01:32.836000,8.0,1.0,HARD,25.0
TSU,AlphaTauri,26.0,0 days 00:01:33.718000,9.0,1.0,HARD,26.0
TSU,AlphaTauri,27.0,0 days 00:01:33.027000,9.0,1.0,HARD,27.0
TSU,AlphaTauri,28.0,0 days 00:01:32.810000,9.0,1.0,HARD,28.0
TSU,AlphaTauri,29.0,0 days 00:01:32.842000,9.0,1.0,HARD,29.0
TSU,AlphaTauri,30.0,0 days 00:01:32.892000,9.0,1.0,HARD,30.0
TSU,AlphaTauri,31.0,0 days 00:01:33.036000,9.0,1.0,HARD,31.0
TSU,AlphaTauri,32.0,0 days 00:01:32.959000,9.0,1.0,HARD,32.0
TSU,AlphaTauri,33.0,0 days 00:01:32.861000,8.0,1.0,HARD,33.0
TSU,AlphaTauri,34.0,0 days 00:01:32.412000,8.0,1.0,HARD,34.0
TSU,AlphaTauri,35.0,0 days 00:01:32.276000,8.0,1.0,HARD,35.0
TSU,AlphaTauri,36.0,0 days 00:01:37.007000,10.0,1.0,HARD,36.0
TSU,AlphaTauri,37.0,0 days 00:01:46.515000,14.0,2.0,MEDIUM,1.0
TSU,AlphaTauri,38.0,0 days 00:01:31.561000,14.0,2.0,MEDIUM,2.0
TSU,AlphaTauri,39.0,0 days 00:01:31.944000,14.0,2.0,MEDIUM,3.0
TSU,AlphaTauri,40.0,0 days 00:01:32.274000,14.0,2.0,MEDIUM,4.0
TSU,AlphaTauri,41.0,0 days 00:01:32.294000,14.0,2.0,MEDIUM,5.0
TSU,AlphaTauri,42.0,0 days 00:01:32.361000,14.0,2.0,MEDIUM,6.0
TSU,AlphaTauri,43.0,0 days 00:01:32.260000,13.0,2.0,MEDIUM,7.0
TSU,AlphaTauri,44.0,0 days 00:01:32.083000,13.0,2.0,MEDIUM,8.0
TSU,AlphaTauri,45.0,0 days 00:01:32.193000,13.0,2.0,MEDIUM,9.0
TSU,AlphaTauri,46.0,0 days 00:01:32.380000,13.0,2.0,MEDIUM,10.0
TSU,AlphaTauri,47.0,0 days 00:01:32.124000,12.0,2.0,MEDIUM,11.0
TSU,AlphaTauri,48.0,0 days 00:01:31.991000,12.0,2.0,MEDIUM,12.0
TSU,AlphaTauri,49.0,0 days 00:01:31.607000,12.0,2.0,MEDIUM,13.0
TSU,AlphaTauri,50.0,0 days 00:01:32.372000,11.0,2.0,MEDIUM,14.0
TSU,AlphaTauri,51.0,0 days 00:01:31.448000,11.0,2.0,MEDIUM,15.0
TSU,AlphaTauri,52.0,0 days 00:01:31.503000,11.0,2.0,MEDIUM,16.0
TSU,AlphaTauri,53.0,0 days 00:01:31.514000,11.0,2.0,MEDIUM,17.0
TSU,AlphaTauri,54.0,0 days 00:01:31.482000,11.0,2.0,MEDIUM,18.0
TSU,AlphaTauri,55.0,0 days 00:01:31.190000,11.0,2.0,MEDIUM,19.0
TSU,AlphaTauri,56.0,0 days 00:01:31.038000,11.0,2.0,MEDIUM,20.0
TSU,AlphaTauri,57.0,0 days 00:01:31.325000,11.0,2.0,MEDIUM,21.0
STR,Aston Martin,1.0,0 days 00:01:46.289000,17.0,1.0,HARD,2.0
STR,Aston Martin,2.0,0 days 00:01:35.750000,17.0,1.0,HARD,3.0
STR,Aston Martin,3.0,0 days 00:01:34.327000,17.0,1.0,HARD,4.0
STR,Aston Martin,4.0,0 days 00:01:33.947000,17.0,1.0,HARD,5.0
STR,Aston Martin,5.0,0 days 00:01:33.637000,16.0,1.0,HARD,6.0
STR,Aston Martin,6.0,0 days 00:01:33.834000,16.0,1.0,HARD,7.0
STR,Aston Martin,7.0,0 days 00:01:33.593000,16.0,1.0,HARD,8.0
STR,Aston Martin,8.0,0 days 00:01:33.663000,16.0,1.0,HARD,9.0
STR,Aston Martin,9.0,0 days 00:01:33.778000,16.0,1.0,HARD,10.0
STR,Aston Martin,10.0,0 days 00:01:33.445000,16.0,1.0,HARD,11.0
STR,Aston Martin,11.0,0 days 00:01:34.014000,16.0,1.0,HARD,12.0
STR,Aston Martin,12.0,0 days 00:01:33.718000,16.0,1.0,HARD,13.0
STR,Aston Martin,13.0,0 days 00:01:33.766000,16.0,1.0,HARD,14.0
STR,Aston Martin,14.0,0 days 00:01:33.758000,16.0,1.0,HARD,15.0
STR,Aston Martin,15.0,0 days 00:01:33.406000,14.0,1.0,HARD,16.0
STR,Aston Martin,16.0,0 days 00:01:33.442000,13.0,1.0,HARD,17.0
STR,Aston Martin,17.0,0 days 00:01:33.444000,13.0,1.0,HARD,18.0
STR,Aston Martin,18.0,0 days 00:01:33.401000,11.0,1.0,HARD,19.0
STR,Aston Martin,19.0,0 days 00:01:33.605000,10.0,1.0,HARD,20.0
STR,Aston Martin,20.0,0 days 00:01:33.261000,10.0,1.0,HARD,21.0
STR,Aston Martin,21.0,0 days 00:01:33.551000,10.0,1.0,HARD,22.0
STR,Aston Martin,22.0,0 days 00:01:34.178000,9.0,1.0,HARD,23.0
STR,Aston Martin,23.0,0 days 00:01:33.100000,9.0,1.0,HARD,24.0
STR,Aston Martin,24.0,0 days 00:01:33.811000,10.0,1.0,HARD,25.0
STR,Aston Martin,25.0,0 days 00:01:33.786000,11.0,1.0,HARD,26.0
STR,Aston Martin,26.0,0 days 00:01:33.022000,11.0,1.0,HARD,27.0
STR,Aston Martin,27.0,0 days 00:01:32.999000,11.0,1.0,HARD,28.0
STR,Aston Martin,28.0,0 days 00:01:32.626000,11.0,1.0,HARD,29.0
STR,Aston Martin,29.0,0 days 00:01:32.667000,11.0,1.0,HARD,30.0
STR,Aston Martin,30.0,0 days 00:01:32.706000,11.0,1.0,HARD,31.0
STR,Aston Martin,31.0,0 days 00:01:32.514000,11.0,1.0,HARD,32.0
STR,Aston Martin,32.0,0 days 00:01:32.620000,11.0,1.0,HARD,33.0
STR,Aston Martin,33.0,0 days 00:01:34.467000,10.0,1.0,HARD,34.0
STR,Aston Martin,34.0,0 days 00:01:32.559000,10.0,1.0,HARD,35.0
STR,Aston Martin,35.0,0 days 00:01:32.574000,10.0,1.0,HARD,36.0
STR,Aston Martin,36.0,0 days 00:01:32.639000,9.0,1.0,HARD,37.0
STR,Aston Martin,37.0,0 days 00:01:32.501000,9.0,1.0,HARD,38.0
STR,Aston Martin,38.0,0 days 00:01:32.422000,8.0,1.0,HARD,39.0
STR,Aston Martin,39.0,0 days 00:01:32.299000,8.0,1.0,HARD,40.0
STR,Aston Martin,40.0,0 days 00:01:32.240000,7.0,1.0,HARD,41.0
STR,Aston Martin,41.0,0 days 00:01:32.247000,7.0,1.0,HARD,42.0
STR,Aston Martin,42.0,0 days 00:01:37.256000,8.0,1.0,HARD,43.0
STR,Aston Martin,43.0,0 days 00:01:46.469000,15.0,2.0,MEDIUM,2.0
STR,Aston Martin,44.0,0 days 00:01:30.862000,15.0,2.0,MEDIUM,3.0
STR,Aston Martin,45.0,0 days 00:01:31.357000,15.0,2.0,MEDIUM,4.0
STR,Aston Martin,46.0,0 days 00:01:31.299000,15.0,2.0,MEDIUM,5.0
STR,Aston Martin,47.0,0 days 00:01:31.426000,14.0,2.0,MEDIUM,6.0
STR,Aston Martin,48.0,0 days 00:01:32.237000,14.0,2.0,MEDIUM,7.0
STR,Aston Martin,49.0,0 days 00:01:31.705000,13.0,2.0,MEDIUM,8.0
STR,Aston Martin,50.0,0 days 00:01:31.733000,13.0,2.0,MEDIUM,9.0
STR,Aston Martin,51.0,0 days 00:01:32.030000,12.0,2.0,MEDIUM,10.0
STR,Aston Martin,52.0,0 days 00:01:31.513000,12.0,2.0,MEDIUM,11.0
STR,Aston Martin,53.0,0 days 00:01:31.521000,12.0,2.0,MEDIUM,12.0
STR,Aston Martin,54.0,0 days 00:01:31.076000,12.0,2.0,MEDIUM,13.0
STR,Aston Martin,55.0,0 days 00:01:30.978000,12.0,2.0,MEDIUM,14.0
STR,Aston Martin,56.0,0 days 00:01:30.880000,12.0,2.0,MEDIUM,15.0
STR,Aston Martin,57.0,0 days 00:01:31.047000,12.0,2.0,MEDIUM,16.0
BOT,Alfa Romeo,1.0,0 days 00:01:41.314000,8.0,1.0,MEDIUM,1.0
BOT,Alfa Romeo,2.0,0 days 00:01:35.623000,9.0,1.0,MEDIUM,2.0
BOT,Alfa Romeo,3.0,0 days 00:01:33.933000,9.0,1.0,MEDIUM,3.0
BOT,Alfa Romeo,4.0,0 days 00:01:34.493000,9.0,1.0,MEDIUM,4.0
BOT,Alfa Romeo,5.0,0 days 00:01:34.177000,10.0,1.0,MEDIUM,5.0
BOT,Alfa Romeo,6.0,0 days 00:01:33.821000,10.0,1.0,MEDIUM,6.0
BOT,Alfa Romeo,7.0,0 days 00:01:33.670000,10.0,1.0,MEDIUM,7.0
BOT,Alfa Romeo,8.0,0 days 00:01:33.856000,10.0,1.0,MEDIUM,8.0
BOT,Alfa Romeo,9.0,0 days 00:01:33.727000,10.0,1.0,MEDIUM,9.0
BOT,Alfa Romeo,10.0,0 days 00:01:33.762000,10.0,1.0,MEDIUM,10.0
BOT,Alfa Romeo,11.0,0 days 00:01:33.377000,10.0,1.0,MEDIUM,11.0
BOT,Alfa Romeo,12.0,0 days 00:01:33.151000,10.0,1.0,MEDIUM,12.0
BOT,Alfa Romeo,13.0,0 days 00:01:33.352000,10.0,1.0,MEDIUM,13.0
BOT,Alfa Romeo,14.0,0 days 00:01:33.894000,9.0,1.0,MEDIUM,14.0
BOT,Alfa Romeo,15.0,0 days 00:01:39.631000,15.0,1.0,MEDIUM,15.0
BOT,Alfa Romeo,16.0,0 days 00:01:48.475000,16.0,2.0,HARD,1.0
BOT,Alfa Romeo,17.0,0 days 00:01:32.543000,16.0,2.0,HARD,2.0
BOT,Alfa Romeo,18.0,0 days 00:01:33.893000,16.0,2.0,HARD,3.0
BOT,Alfa Romeo,19.0,0 days 00:01:33.326000,16.0,2.0,HARD,4.0
BOT,Alfa Romeo,20.0,0 days 00:01:32.981000,16.0,2.0,HARD,5.0
BOT,Alfa Romeo,21.0,0 days 00:01:33.112000,16.0,2.0,HARD,6.0
BOT,Alfa Romeo,22.0,0 days 00:01:32.876000,16.0,2.0,HARD,7.0
BOT,Alfa Romeo,23.0,0 days 00:01:33.085000,15.0,2.0,HARD,8.0
BOT,Alfa Romeo,24.0,0 days 00:01:33.046000,15.0,2.0,HARD,9.0
BOT,Alfa Romeo,25.0,0 days 00:01:32.901000,15.0,2.0,HARD,10.0
BOT,Alfa Romeo,26.0,0 days 00:01:32.851000,15.0,2.0,HARD,11.0
BOT,Alfa Romeo,27.0,0 days 00:01:32.797000,15.0,2.0,HARD,12.0
BOT,Alfa Romeo,28.0,0 days 00:01:32.640000,15.0,2.0,HARD,13.0
BOT,Alfa Romeo,29.0,0 days 00:01:32.937000,15.0,2.0,HARD,14.0
BOT,Alfa Romeo,30.0,0 days 00:01:32.631000,15.0,2.0,HARD,15.0
BOT,Alfa Romeo,31.0,0 days 00:01:32.584000,14.0,2.0,HARD,16.0
BOT,Alfa Romeo,32.0,0 days 00:01:32.496000,14.0,2.0,HARD,17.0
BOT,Alfa Romeo,33.0,0 days 00:01:32.575000,14.0,2.0,HARD,18.0
BOT,Alfa Romeo,34.0,0 days 00:01:32.470000,13.0,2.0,HARD,19.0
BOT,Alfa Romeo,35.0,0 days 00:01:32.443000,13.0,2.0,HARD,20.0
BOT,Alfa Romeo,36.0,0 days 00:01:32.524000,13.0,2.0,HARD,21.0
BOT,Alfa Romeo,37.0,0 days 00:01:32.492000,12.0,2.0,HARD,22.0
BOT,Alfa Romeo,38.0,0 days 00:01:32.632000,11.0,2.0,HARD,23.0
BOT,Alfa Romeo,39.0,0 days 00:01:32.844000,12.0,2.0,HARD,24.0
BOT,Alfa Romeo,40.0,0 days 00:01:34.143000,12.0,2.0,HARD,25.0
BOT,Alfa Romeo,41.0,0 days 00:01:32.777000,12.0,2.0,HARD,26.0
BOT,Alfa Romeo,42.0,0 days 00:01:32.216000,12.0,2.0,HARD,27.0
BOT,Alfa Romeo,43.0,0 days 00:01:32.348000,11.0,2.0,HARD,28.0
BOT,Alfa Romeo,44.0,0 days 00:01:32.079000,11.0,2.0,HARD,29.0
BOT,Alfa Romeo,45.0,0 days 00:01:32.269000,11.0,2.0,HARD,30.0
BOT,Alfa Romeo,46.0,0 days 00:01:32.618000,11.0,2.0,HARD,31.0
BOT,Alfa Romeo,47.0,0 days 00:01:32.014000,11.0,2.0,HARD,32.0
BOT,Alfa Romeo,48.0,0 days 00:01:32.427000,11.0,2.0,HARD,33.0
BOT,Alfa Romeo,49.0,0 days 00:01:32.350000,11.0,2.0,HARD,34.0
BOT,Alfa Romeo,50.0,0 days 00:01:33.074000,12.0,2.0,HARD,35.0
BOT,Alfa Romeo,51.0,0 days 00:01:32.997000,13.0,2.0,HARD,36.0
BOT,Alfa Romeo,52.0,0 days 00:01:32.793000,13.0,2.0,HARD,37.0
BOT,Alfa Romeo,53.0,0 days 00:01:32.855000,13.0,2.0,HARD,38.0
BOT,Alfa Romeo,54.0,0 days 00:01:32.188000,13.0,2.0,HARD,39.0
BOT,Alfa Romeo,55.0,0 days 00:01:32.063000,13.0,2.0,HARD,40.0
BOT,Alfa Romeo,56.0,0 days 00:01:31.838000,13.0,2.0,HARD,41.0
BOT,Alfa Romeo,57.0,0 days 00:01:31.894000,13.0,2.0,HARD,42.0
ALB,Williams,1.0,0 days 00:01:43.346000,12.0,1.0,MEDIUM,1.0
ALB,Williams,2.0,0 days 00:01:35.177000,12.0,1.0,MEDIUM,2.0
ALB,Williams,3.0,0 days 00:01:34.158000,12.0,1.0,MEDIUM,3.0
ALB,Williams,4.0,0 days 00:01:34.269000,12.0,1.0,MEDIUM,4.0
ALB,Williams,5.0,0 days 00:01:33.842000,12.0,1.0,MEDIUM,5.0
ALB,Williams,6.0,0 days 00:01:33.689000,12.0,1.0,MEDIUM,6.0
ALB,Williams,7.0,0 days 00:01:33.544000,12.0,1.0,MEDIUM,7.0
ALB,Williams,8.0,0 days 00:01:34.267000,12.0,1.0,MEDIUM,8.0
ALB,Williams,9.0,0 days 00:01:33.593000,12.0,1.0,MEDIUM,9.0
ALB,Williams,10.0,0 days 00:01:33.902000,12.0,1.0,MEDIUM,10.0
ALB,Williams,11.0,0 days 00:01:33.455000,12.0,1.0,MEDIUM,11.0
ALB,Williams,12.0,0 days 00:01:33.292000,12.0,1.0,MEDIUM,12.0
ALB,Williams,13.0,0 days 00:01:33.605000,12.0,1.0,MEDIUM,13.0
ALB,Williams,14.0,0 days 00:01:33.704000,11.0,1.0,MEDIUM,14.0
ALB,Williams,15.0,0 days 00:01:34.412000,11.0,1.0,MEDIUM,15.0
ALB,Williams,16.0,0 days 00:01:33.910000,10.0,1.0,MEDIUM,16.0
ALB,Williams,17.0,0 days 00:01:33.692000,10.0,1.0,MEDIUM,17.0
ALB,Williams,18.0,0 days 00:01:33.858000,8.0,1.0,MEDIUM,18.0
ALB,Williams,19.0,0 days 00:01:34.015000,8.0,1.0,MEDIUM,19.0
ALB,Williams,20.0,0 days 00:01:33.391000,8.0,1.0,MEDIUM,20.0
ALB,Williams,21.0,0 days 00:01:34.324000,9.0,1.0,MEDIUM,21.0
ALB,Williams,22.0,0 days 00:01:39.058000,14.0,1.0,MEDIUM,22.0
ALB,Williams,23.0,0 days 00:01:47.790000,17.0,2.0,HARD,1.0
ALB,Williams,24.0,0 days 00:01:32.241000,17.0,2.0,HARD,2.0
ALB,Williams,25.0,0 days 00:01:32.519000,17.0,2.0,HARD,3.0
ALB,Williams,26.0,0 days 00:01:32.586000,17.0,2.0,HARD,4.0
ALB,Williams,27.0,0 days 00:01:32.070000,16.0,2.0,HARD,5.0
ALB,Williams,28.0,0 days 00:01:32.378000,16.0,2.0,HARD,6.0
ALB,Williams,29.0,0 days 00:01:32.383000,16.0,2.0,HARD,7.0
ALB,Williams,30.0,0 days 00:01:32.522000,16.0,2.0,HARD,8.0
ALB,Williams,31.0,0 days 00:01:32.408000,16.0,2.0,HARD,9.0
ALB,Williams,32.0,0 days 00:01:32.222000,15.0,2.0,HARD,10.0
ALB,Williams,33.0,0 days 00:01:32.681000,15.0,2.0,HARD,11.0
ALB,Williams,34.0,0 days 00:01:32.311000,14.0,2.0,HARD,12.0
ALB,Williams,35.0,0 days 00:01:32.305000,14.0,2.0,HARD,13.0
ALB,Williams,36.0,0 days 00:01:32.318000,14.0,2.0,HARD,14.0
ALB,Williams,37.0,0 days 00:01:32.346000,13.0,2.0,HARD,15.0
ALB,Williams,38.0,0 days 00:01:33.361000,13.0,2.0,HARD,16.0
ALB,Williams,39.0,0 days 00:01:32.444000,13.0,2.0,HARD,17.0
ALB,Williams,40.0,0 days 00:01:32.753000,13.0,2.0,HARD,18.0
ALB,Williams,41.0,0 days 00:01:32.386000,13.0,2.0,HARD,19.0
ALB,Williams,42.0,0 days 00:01:32.816000,13.0,2.0,HARD,20.0
ALB,Williams,43.0,0 days 00:01:32.456000,12.0,2.0,HARD,21.0
ALB,Williams,44.0,0 days 00:01:31.996000,12.0,2.0,HARD,22.0
ALB,Williams,45.0,0 days 00:01:32.369000,12.0,2.0,HARD,23.0
ALB,Williams,46.0,0 days 00:01:32.419000,12.0,2.0,HARD,24.0
ALB,Williams,47.0,0 days 00:01:32.711000,13.0,2.0,HARD,25.0
ALB,Williams,48.0,0 days 00:01:33.044000,13.0,2.0,HARD,26.0
ALB,Williams,49.0,0 days 00:01:33.798000,14.0,2.0,HARD,27.0
ALB,Williams,50.0,0 days 00:01:32.457000,14.0,2.0,HARD,28.0
ALB,Williams,51.0,0 days 00:01:32.128000,14.0,2.0,HARD,29.0
ALB,Williams,52.0,0 days 00:01:32.144000,14.0,2.0,HARD,30.0
ALB,Williams,53.0,0 days 00:01:32.076000,14.0,2.0,HARD,31.0
ALB,Williams,54.0,0 days 00:01:32.104000,14.0,2.0,HARD,32.0
ALB,Williams,55.0,0 days 00:01:31.852000,14.0,2.0,HARD,33.0
ALB,Williams,56.0,0 days 00:01:32.147000,14.0,2.0,HARD,34.0
ALB,Williams,57.0,0 days 00:01:32.058000,14.0,2.0,HARD,35.0
HUL,Haas F1 Team,1.0,0 days 00:01:42.723000,11.0,1.0,HARD,1.0
HUL,Haas F1 Team,2.0,0 days 00:01:35.313000,11.0,1.0,HARD,2.0
HUL,Haas F1 Team,3.0,0 days 00:01:33.858000,11.0,1.0,HARD,3.0
HUL,Haas F1 Team,4.0,0 days 00:01:34.463000,11.0,1.0,HARD,4.0
HUL,Haas F1 Team,5.0,0 days 00:01:33.708000,11.0,1.0,HARD,5.0
HUL,Haas F1 Team,6.0,0 days 00:01:33.835000,11.0,1.0,HARD,6.0
HUL,Haas F1 Team,7.0,0 days 00:01:33.422000,11.0,1.0,HARD,7.0
HUL,Haas F1 Team,8.0,0 days 00:01:34.352000,11.0,1.0,HARD,8.0
HUL,Haas F1 Team,9.0,0 days 00:01:33.474000,11.0,1.0,HARD,9.0
HUL,Haas F1 Team,10.0,0 days 00:01:33.938000,11.0,1.0,HARD,10.0
HUL,Haas F1 Team,11.0,0 days 00:01:33.442000,11.0,1.0,HARD,11.0
HUL,Haas F1 Team,12.0,0 days 00:01:33.383000,11.0,1.0,HARD,12.0
HUL,Haas F1 Team,13.0,0 days 00:01:33.545000,11.0,1.0,HARD,13.0
HUL,Haas F1 Team,14.0,0 days 00:01:33.434000,10.0,1.0,HARD,14.0
HUL,Haas F1 Team,15.0,0 days 00:01:34.473000,9.0,1.0,HARD,15.0
HUL,Haas F1 Team,16.0,0 days 00:01:33.266000,8.0,1.0,HARD,16.0
HUL,Haas F1 Team,17.0,0 days 00:01:33.405000,8.0,1.0,HARD,17.0
HUL,Haas F1 Team,18.0,0 days 00:01:33.826000,6.0,1.0,HARD,18.0
HUL,Haas F1 Team,19.0,0 days 00:01:33.105000,5.0,1.0,HARD,19.0
HUL,Haas F1 Team,20.0,0 days 00:01:32.840000,5.0,1.0,HARD,20.0
HUL,Haas F1 Team,21.0,0 days 00:01:33.924000,6.0,1.0,HARD,21.0
HUL,Haas F1 Team,22.0,0 days 00:01:33.081000,6.0,1.0,HARD,22.0
HUL,Haas F1 Team,23.0,0 days 00:01:34.217000,7.0,1.0,HARD,23.0
HUL,Haas F1 Team,24.0,0 days 00:01:33.288000,7.0,1.0,HARD,24.0
HUL,Haas F1 Team,25.0,0 days 00:01:33.412000,7.0,1.0,HARD,25.0
HUL,Haas F1 Team,26.0,0 days 00:01:33.004000,7.0,1.0,HARD,26.0
HUL,Haas F1 Team,27.0,0 days 00:01:33.076000,7.0,1.0,HARD,27.0
HUL,Haas F1 Team,28.0,0 days 00:01:34.233000,8.0,1.0,HARD,28.0
HUL,Haas F1 Team,29.0,0 days 00:01:32.991000,8.0,1.0,HARD,29.0
HUL,Haas F1 Team,30.0,0 days 00:01:33.050000,8.0,1.0,HARD,30.0
HUL,Haas F1 Team,31.0,0 days 00:01:33.011000,8.0,1.0,HARD,31.0
HUL,Haas F1 Team,32.0,0 days 00:01:32.584000,8.0,1.0,HARD,32.0
HUL,Haas F1 Team,33.0,0 days 00:01:40.557000,13.0,1.0,HARD,33.0
HUL,Haas F1 Team,34.0,0 days 00:01:47.942000,16.0,2.0,MEDIUM,1.0
HUL,Haas F1 Team,35.0,0 days 00:01:31.300000,16.0,2.0,MEDIUM,2.0
HUL,Haas F1 Team,36.0,0 days 00:01:30.901000,16.0,2.0,MEDIUM,3.0
HUL,Haas F1 Team,37.0,0 days 00:01:32.397000,15.0,2.0,MEDIUM,4.0
HUL,Haas F1 Team,38.0,0 days 00:01:32.195000,15.0,2.0,MEDIUM,5.0
HUL,Haas F1 Team,39.0,0 days 00:01:32.035000,15.0,2.0,MEDIUM,6.0
HUL,Haas F1 Team,40.0,0 days 00:01:32.173000,15.0,2.0,MEDIUM,7.0
HUL,Haas F1 Team,41.0,0 days 00:01:32.176000,15.0,2.0,MEDIUM,8.0
HUL,Haas F1 Team,42.0,0 days 00:01:32.352000,15.0,2.0,MEDIUM,9.0
HUL,Haas F1 Team,43.0,0 days 00:01:31.897000,14.0,2.0,MEDIUM,10.0
HUL,Haas F1 Team,44.0,0 days 00:01:31.975000,14.0,2.0,MEDIUM,11.0
HUL,Haas F1 Team,45.0,0 days 00:01:31.954000,14.0,2.0,MEDIUM,12.0
HUL,Haas F1 Team,46.0,0 days 00:01:32.231000,14.0,2.0,MEDIUM,13.0
HUL,Haas F1 Team,47.0,0 days 00:01:32.843000,15.0,2.0,MEDIUM,14.0
HUL,Haas F1 Team,48.0,0 days 00:01:32.682000,15.0,2.0,MEDIUM,15.0
HUL,Haas F1 Team,49.0,0 days 00:01:33.389000,15.0,2.0,MEDIUM,16.0
HUL,Haas F1 Team,50.0,0 days 00:01:32.511000,15.0,2.0,MEDIUM,17.0
HUL,Haas F1 Team,51.0,0 days 00:01:32.198000,15.0,2.0,MEDIUM,18.0
HUL,Haas F1 Team,52.0,0 days 00:01:32.144000,15.0,2.0,MEDIUM,19.0
HUL,Haas F1 Team,53.0,0 days 00:01:32.065000,15.0,2.0,MEDIUM,20.0
HUL,Haas F1 Team,54.0,0 days 00:01:32.285000,15.0,2.0,MEDIUM,21.0
HUL,Haas F1 Team,55.0,0 days 00:01:32.088000,15.0,2.0,MEDIUM,22.0
HUL,Haas F1 Team,56.0,0 days 00:01:32.201000,15.0,2.0,MEDIUM,23.0
HUL,Haas F1 Team,57.0,0 days 00:01:33.024000,15.0,2.0,MEDIUM,24.0
ZHO,Alfa Romeo,1.0,0 days 00:01:45.906000,16.0,1.0,HARD,1.0
ZHO,Alfa Romeo,2.0,0 days 00:01:35.597000,16.0,1.0,HARD,2.0
ZHO,Alfa Romeo,3.0,0 days 00:01:34.369000,16.0,1.0,HARD,3.0
ZHO,Alfa Romeo,4.0,0 days 00:01:33.834000,16.0,1.0,HARD,4.0
ZHO,Alfa Romeo,5.0,0 days 00:01:33.613000,15.0,1.0,HARD,5.0
ZHO,Alfa Romeo,6.0,0 days 00:01:33.754000,15.0,1.0,HARD,6.0
ZHO,Alfa Romeo,7.0,0 days 00:01:33.538000,15.0,1.0,HARD,7.0
ZHO,Alfa Romeo,8.0,0 days 00:01:33.607000,15.0,1.0,HARD,8.0
ZHO,Alfa Romeo,9.0,0 days 00:01:33.588000,15.0,1.0,HARD,9.0
ZHO,Alfa Romeo,10.0,0 days 00:01:33.782000,15.0,1.0,HARD,10.0
ZHO,Alfa Romeo,11.0,0 days 00:01:33.437000,15.0,1.0,HARD,11.0
ZHO,Alfa Romeo,12.0,0 days 00:01:33.302000,15.0,1.0,HARD,12.0
ZHO,Alfa Romeo,13.0,0 days 00:01:33.697000,15.0,1.0,HARD,13.0
ZHO,Alfa Romeo,14.0,0 days 00:01:33.864000,15.0,1.0,HARD,14.0
ZHO,Alfa Romeo,15.0,0 days 00:01:33.749000,13.0,1.0,HARD,15.0
ZHO,Alfa Romeo,16.0,0 days 00:01:34.010000,12.0,1.0,HARD,16.0
ZHO,Alfa Romeo,17.0,0 days 00:01:33.560000,12.0,1.0,HARD,17.0
ZHO,Alfa Romeo,18.0,0 days 00:01:33.718000,10.0,1.0,HARD,18.0
ZHO,Alfa Romeo,19.0,0 days 00:01:34.801000,11.0,1.0,HARD,19.0
ZHO,Alfa Romeo,20.0,0 days 00:01:34.245000,12.0,1.0,HARD,20.0
ZHO,Alfa Romeo,21.0,0 days 00:01:34.653000,12.0,1.0,HARD,21.0
ZHO,Alfa Romeo,22.0,0 days 00:01:34.271000,12.0,1.0,HARD,22.0
ZHO,Alfa Romeo,23.0,0 days 00:01:33.788000,12.0,1.0,HARD,23.0
ZHO,Alfa Romeo,24.0,0 days 00:01:34.290000,13.0,1.0,HARD,24.0
ZHO,Alfa Romeo,25.0,0 days 00:01:33.658000,13.0,1.0,HARD,25.0
ZHO,Alfa Romeo,26.0,0 days 00:01:33.660000,13.0,1.0,HARD,26.0
ZHO,Alfa Romeo,27.0,0 days 00:01:34.028000,14.0,1.0,HARD,27.0
ZHO,Alfa Romeo,28.0,0 days 00:01:33.528000,14.0,1.0,HARD,28.0
ZHO,Alfa Romeo,29.0,0 days 00:01:33.167000,14.0,1.0,HARD,29.0
ZHO,Alfa Romeo,30.0,0 days 00:01:33.073000,14.0,1.0,HARD,30.0
ZHO,Alfa Romeo,31.0,0 days 00:01:37.610000,15.0,1.0,HARD,31.0
ZHO,Alfa Romeo,32.0,0 days 00:01:47.897000,17.0,2.0,MEDIUM,1.0
ZHO,Alfa Romeo,33.0,0 days 00:01:32.264000,17.0,2.0,MEDIUM,2.0
ZHO,Alfa Romeo,34.0,0 days 00:01:31.894000,17.0,2.0,MEDIUM,3.0
ZHO,Alfa Romeo,35.0,0 days 00:01:31.898000,17.0,2.0,MEDIUM,4.0
ZHO,Alfa Romeo,36.0,0 days 00:01:31.905000,17.0,2.0,MEDIUM,5.0
ZHO,Alfa Romeo,37.0,0 days 00:01:32.249000,17.0,2.0,MEDIUM,6.0
ZHO,Alfa Romeo,38.0,0 days 00:01:32.459000,17.0,2.0,MEDIUM,7.0
ZHO,Alfa Romeo,39.0,0 days 00:01:32.351000,17.0,2.0,MEDIUM,8.0
ZHO,Alfa Romeo,40.0,0 days 00:01:32.179000,17.0,2.0,MEDIUM,9.0
ZHO,Alfa Romeo,41.0,0 days 00:01:32.244000,17.0,2.0,MEDIUM,10.0
ZHO,Alfa Romeo,42.0,0 days 00:01:32.343000,17.0,2.0,MEDIUM,11.0
ZHO,Alfa Romeo,43.0,0 days 00:01:32.087000,17.0,2.0,MEDIUM,12.0
ZHO,Alfa Romeo,44.0,0 days 00:01:32.402000,17.0,2.0,MEDIUM,13.0
ZHO,Alfa Romeo,45.0,0 days 00:01:32.310000,17.0,2.0,MEDIUM,14.0
ZHO,Alfa Romeo,46.0,0 days 00:01:32.203000,17.0,2.0,MEDIUM,15.0
ZHO,Alfa Romeo,47.0,0 days 00:01:32.233000,17.0,2.0,MEDIUM,16.0
ZHO,Alfa Romeo,48.0,0 days 00:01:31.996000,16.0,2.0,MEDIUM,17.0
ZHO,Alfa Romeo,49.0,0 days 00:01:32.208000,16.0,2.0,MEDIUM,18.0
ZHO,Alfa Romeo,50.0,0 days 00:01:31.958000,16.0,2.0,MEDIUM,19.0
ZHO,Alfa Romeo,51.0,0 days 00:01:31.855000,16.0,2.0,MEDIUM,20.0
ZHO,Alfa Romeo,52.0,0 days 00:01:32.193000,16.0,2.0,MEDIUM,21.0
ZHO,Alfa Romeo,53.0,0 days 00:01:32.119000,16.0,2.0,MEDIUM,22.0
ZHO,Alfa Romeo,54.0,0 days 00:01:31.925000,16.0,2.0,MEDIUM,23.0
ZHO,Alfa Romeo,55.0,0 days 00:01:31.892000,16.0,2.0,MEDIUM,24.0
ZHO,Alfa Romeo,56.0,0 days 00:01:31.736000,16.0,2.0,MEDIUM,25.0
ZHO,Alfa Romeo,57.0,0 days 00:01:32.184000,16.0,2.0,MEDIUM,26.0
NOR,McLaren,1.0,0 days 00:01:47.753000,19.0,1.0,SOFT,1.0
NOR,McLaren,2.0,0 days 00:01:35.682000,18.0,1.0,SOFT,2.0
NOR,McLaren,3.0,0 days 00:01:33.869000,18.0,1.0,SOFT,3.0
NOR,McLaren,4.0,0 days 00:01:38.826000,19.0,1.0,SOFT,4.0
NOR,McLaren,5.0,0 days 00:01:50.478000,19.0,2.0,HARD,1.0
NOR,McLaren,6.0,0 days 00:01:32.916000,19.0,2.0,HARD,2.0
NOR,McLaren,7.0,0 days 00:01:33.067000,19.0,2.0,HARD,3.0
NOR,McLaren,8.0,0 days 00:01:33.165000,19.0,2.0,HARD,4.0
NOR,McLaren,9.0,0 days 00:01:33.237000,19.0,2.0,HARD,5.0
NOR,McLaren,10.0,0 days 00:01:33.168000,19.0,2.0,HARD,6.0
NOR,McLaren,11.0,0 days 00:01:33.520000,19.0,2.0,HARD,7.0
NOR,McLaren,12.0,0 days 00:01:33.352000,19.0,2.0,HARD,8.0
NOR,McLaren,13.0,0 days 00:01:33.145000,18.0,2.0,HARD,9.0
NOR,McLaren,14.0,0 days 00:01:33.172000,18.0,2.0,HARD,10.0
NOR,McLaren,15.0,0 days 00:01:33.398000,18.0,2.0,HARD,11.0
NOR,McLaren,16.0,0 days 00:01:33.503000,17.0,2.0,HARD,12.0
NOR,McLaren,17.0,0 days 00:01:33.140000,17.0,2.0,HARD,13.0
NOR,McLaren,18.0,0 days 00:01:33.097000,17.0,2.0,HARD,14.0
NOR,McLaren,19.0,0 days 00:01:33.271000,17.0,2.0,HARD,15.0
NOR,McLaren,20.0,0 days 00:01:33.438000,17.0,2.0,HARD,16.0
NOR,McLaren,21.0,0 days 00:01:33.147000,17.0,2.0,HARD,17.0
NOR,McLaren,22.0,0 days 00:01:33.206000,17.0,2.0,HARD,18.0
NOR,McLaren,23.0,0 days 00:01:33.447000,16.0,2.0,HARD,19.0
NOR,McLaren,24.0,0 days 00:01:33.301000,16.0,2.0,HARD,20.0
NOR,McLaren,25.0,0 days 00:01:33.083000,16.0,2.0,HARD,21.0
NOR,McLaren,26.0,0 days 00:01:33.378000,16.0,2.0,HARD,22.0
NOR,McLaren,27.0,0 days 00:01:33.753000,17.0,2.0,HARD,23.0
NOR,McLaren,28.0,0 days 00:01:32.906000,17.0,2.0,HARD,24.0
NOR,McLaren,29.0,0 days 00:01:32.913000,17.0,2.0,HARD,25.0
NOR,McLaren,30.0,0 days 00:01:32.827000,17.0,2.0,HARD,26.0
NOR,McLaren,31.0,0 days 00:01:33.372000,17.0,2.0,HARD,27.0
NOR,McLaren,32.0,0 days 00:01:32.744000,16.0,2.0,HARD,28.0
NOR,McLaren,33.0,0 days 00:01:32.931000,16.0,2.0,HARD,29.0
NOR,McLaren,34.0,0 days 00:01:32.635000,15.0,2.0,HARD,30.0
NOR,McLaren,35.0,0 days 00:01:32.696000,15.0,2.0,HARD,31.0
NOR,McLaren,36.0,0 days 00:01:32.686000,15.0,2.0,HARD,32.0
NOR,McLaren,37.0,0 days 00:01:33.798000,16.0,2.0,HARD,33.0
NOR,McLaren,38.0,0 days 00:01:33.172000,16.0,2.0,HARD,34.0
NOR,McLaren,39.0,0 days 00:01:33.191000,16.0,2.0,HARD,35.0
NOR,McLaren,40.0,0 days 00:01:32.674000,16.0,2.0,HARD,36.0
NOR,McLaren,41.0,0 days 00:01:32.797000,16.0,2.0,HARD,37.0
NOR,McLaren,42.0,0 days 00:01:32.980000,16.0,2.0,HARD,38.0
NOR,McLaren,43.0,0 days 00:01:32.727000,16.0,2.0,HARD,39.0
NOR,McLaren,44.0,0 days 00:01:32.806000,16.0,2.0,HARD,40.0
NOR,McLaren,45.0,0 days 00:01:32.556000,16.0,2.0,HARD,41.0
NOR,McLaren,46.0,0 days 00:01:32.871000,16.0,2.0,HARD,42.0
NOR,McLaren,47.0,0 days 00:01:32.401000,16.0,2.0,HARD,43.0
NOR,McLaren,48.0,0 days 00:01:33.632000,17.0,2.0,HARD,44.0
NOR,McLaren,49.0,0 days 00:01:32.711000,17.0,2.0,HARD,45.0
NOR,McLaren,50.0,0 days 00:01:32.559000,17.0,2.0,HARD,46.0
NOR,McLaren,51.0,0 days 00:01:33.505000,17.0,2.0,HARD,47.0
NOR,McLaren,52.0,0 days 00:01:33.234000,17.0,2.0,HARD,48.0
NOR,McLaren,53.0,0 days 00:01:33.073000,17.0,2.0,HARD,49.0
NOR,McLaren,54.0,0 days 00:01:32.945000,17.0,2.0,HARD,50.0
NOR,McLaren,55.0,0 days 00:01:32.695000,17.0,2.0,HARD,51.0
NOR,McLaren,56.0,0 days 00:01:32.570000,17.0,2.0,HARD,52.0
NOR,McLaren,57.0,0 days 00:01:32.839000,17.0,2.0,HARD,53.0
DEV,AlphaTauri,1.0,0 days 00:01:48.179000,20.0,1.0,MEDIUM,1.0
DEV,AlphaTauri,2.0,0 days 00:01:35.729000,19.0,1.0,MEDIUM,2.0
DEV,AlphaTauri,3.0,0 days 00:01:34.670000,19.0,1.0,MEDIUM,3.0
DEV,AlphaTauri,4.0,0 days 00:01:34.126000,18.0,1.0,MEDIUM,4.0
DEV,AlphaTauri,5.0,0 days 00:01:34.314000,17.0,1.0,MEDIUM,5.0
DEV,AlphaTauri,6.0,0 days 00:01:34.235000,17.0,1.0,MEDIUM,6.0
DEV,AlphaTauri,7.0,0 days 00:01:34.042000,17.0,1.0,MEDIUM,7.0
DEV,AlphaTauri,8.0,0 days 00:01:33.856000,17.0,1.0,MEDIUM,8.0
DEV,AlphaTauri,9.0,0 days 00:01:34.264000,17.0,1.0,MEDIUM,9.0
DEV,AlphaTauri,10.0,0 days 00:01:33.989000,17.0,1.0,MEDIUM,10.0
DEV,AlphaTauri,11.0,0 days 00:01:33.798000,17.0,1.0,MEDIUM,11.0
DEV,AlphaTauri,12.0,0 days 00:01:33.861000,17.0,1.0,MEDIUM,12.0
DEV,AlphaTauri,13.0,0 days 00:01:33.754000,17.0,1.0,MEDIUM,13.0
DEV,AlphaTauri,14.0,0 days 00:01:33.995000,17.0,1.0,MEDIUM,14.0
DEV,AlphaTauri,15.0,0 days 00:01:38.808000,17.0,1.0,MEDIUM,15.0
DEV,AlphaTauri,16.0,0 days 00:01:50.131000,19.0,2.0,HARD,1.0
DEV,AlphaTauri,17.0,0 days 00:01:32.879000,19.0,2.0,HARD,2.0
DEV,AlphaTauri,18.0,0 days 00:01:33.104000,19.0,2.0,HARD,3.0
DEV,AlphaTauri,19.0,0 days 00:01:33.020000,19.0,2.0,HARD,4.0
DEV,AlphaTauri,20.0,0 days 00:01:33.018000,19.0,2.0,HARD,5.0
DEV,AlphaTauri,21.0,0 days 00:01:33.098000,19.0,2.0,HARD,6.0
DEV,AlphaTauri,22.0,0 days 00:01:32.866000,19.0,2.0,HARD,7.0
DEV,AlphaTauri,23.0,0 days 00:01:33.154000,19.0,2.0,HARD,8.0
DEV,AlphaTauri,24.0,0 days 00:01:33.154000,19.0,2.0,HARD,9.0
DEV,AlphaTauri,25.0,0 days 00:01:33.585000,19.0,2.0,HARD,10.0
DEV,AlphaTauri,26.0,0 days 00:01:33.823000,19.0,2.0,HARD,11.0
DEV,AlphaTauri,27.0,0 days 00:01:33.862000,19.0,2.0,HARD,12.0
DEV,AlphaTauri,28.0,0 days 00:01:34.373000,19.0,2.0,HARD,13.0
DEV,AlphaTauri,29.0,0 days 00:01:34.446000,19.0,2.0,HARD,14.0
DEV,AlphaTauri,30.0,0 days 00:01:34.105000,18.0,2.0,HARD,15.0
DEV,AlphaTauri,31.0,0 days 00:01:32.948000,18.0,2.0,HARD,16.0
DEV,AlphaTauri,32.0,0 days 00:01:32.756000,18.0,2.0,HARD,17.0
DEV,AlphaTauri,33.0,0 days 00:01:32.854000,18.0,2.0,HARD,18.0
DEV,AlphaTauri,34.0,0 days 00:01:32.724000,18.0,2.0,HARD,19.0
DEV,AlphaTauri,35.0,0 days 00:01:32.801000,18.0,2.0,HARD,20.0
DEV,AlphaTauri,36.0,0 days 00:01:32.884000,18.0,2.0,HARD,21.0
DEV,AlphaTauri,37.0,0 days 00:01:32.945000,18.0,2.0,HARD,22.0
DEV,AlphaTauri,38.0,0 days 00:01:32.809000,18.0,2.0,HARD,23.0
DEV,AlphaTauri,39.0,0 days 00:01:32.562000,18.0,2.0,HARD,24.0
DEV,AlphaTauri,40.0,0 days 00:01:32.658000,18.0,2.0,HARD,25.0
DEV,AlphaTauri,41.0,0 days 00:01:32.658000,18.0,2.0,HARD,26.0
DEV,AlphaTauri,42.0,0 days 00:01:32.640000,18.0,2.0,HARD,27.0
DEV,AlphaTauri,43.0,0 days 00:01:32.349000,18.0,2.0,HARD,28.0
DEV,AlphaTauri,44.0,0 days 00:01:32.906000,18.0,2.0,HARD,29.0
DEV,AlphaTauri,45.0,0 days 00:01:32.899000,18.0,2.0,HARD,30.0
DEV,AlphaTauri,46.0,0 days 00:01:32.678000,18.0,2.0,HARD,31.0
DEV,AlphaTauri,47.0,0 days 00:01:32.454000,18.0,2.0,HARD,32.0
DEV,AlphaTauri,48.0,0 days 00:01:32.100000,18.0,2.0,HARD,33.0
DEV,AlphaTauri,49.0,0 days 00:01:32.431000,18.0,2.0,HARD,34.0
DEV,AlphaTauri,50.0,0 days 00:01:32.248000,18.0,2.0,HARD,35.0
DEV,AlphaTauri,51.0,0 days 00:01:32.052000,18.0,2.0,HARD,36.0
DEV,AlphaTauri,52.0,0 days 00:01:32.131000,18.0,2.0,HARD,37.0
DEV,AlphaTauri,53.0,0 days 00:01:32.072000,18.0,2.0,HARD,38.0
DEV,AlphaTauri,54.0,0 days 00:01:31.913000,18.0,2.0,HARD,39.0
DEV,AlphaTauri,55.0,0 days 00:01:31.988000,18.0,2.0,HARD,40.0
DEV,AlphaTauri,56.0,0 days 00:01:31.930000,18.0,2.0,HARD,41.0
DEV,AlphaTauri,57.0,0 days 00:01:31.562000,18.0,2.0,HARD,42.0
PIA,McLaren,1.0,0 days 00:01:44.758000,14.0,1.0,SOFT,1.0
PIA,McLaren,2.0,0 days 00:01:35.574000,14.0,1.0,SOFT,2.0
PIA,McLaren,3.0,0 days 00:01:33.952000,14.0,1.0,SOFT,3.0
PIA,McLaren,4.0,0 days 00:01:33.959000,14.0,1.0,SOFT,4.0
PIA,McLaren,5.0,0 days 00:01:38.967000,18.0,1.0,SOFT,5.0
PIA,McLaren,6.0,0 days 00:01:48.019000,18.0,2.0,HARD,1.0
PIA,McLaren,7.0,0 days 00:01:33.096000,18.0,2.0,HARD,2.0
PIA,McLaren,8.0,0 days 00:01:33.357000,18.0,2.0,HARD,3.0
PIA,McLaren,9.0,0 days 00:01:33.199000,18.0,2.0,HARD,4.0
PIA,McLaren,10.0,0 days 00:01:33.895000,18.0,2.0,HARD,5.0
PIA,McLaren,11.0,0 days 00:01:35.094000,18.0,2.0,HARD,6.0
PIA,McLaren,12.0,0 days 00:01:34.893000,18.0,2.0,HARD,7.0
PIA,McLaren,13.0,0 days 00:01:35.073000,19.0,2.0,HARD,8.0
PIA,McLaren,14.0,0 days 00:01:33.531000,19.0,2.0,HARD,9.0
PIA,McLaren,15.0,0 days 00:01:33.415000,19.0,2.0,HARD,10.0
PIA,McLaren,16.0,0 days 00:01:33.544000,18.0,2.0,HARD,11.0
PIA,McLaren,17.0,0 days 00:01:33.330000,18.0,2.0,HARD,12.0
PIA,McLaren,18.0,0 days 00:01:33.369000,18.0,2.0,HARD,13.0
PIA,McLaren,19.0,0 days 00:01:33.418000,18.0,2.0,HARD,14.0
PIA,McLaren,20.0,0 days 00:01:34.056000,18.0,2.0,HARD,15.0
PIA,McLaren,21.0,0 days 00:01:33.528000,18.0,2.0,HARD,16.0
PIA,McLaren,22.0,0 days 00:01:33.792000,18.0,2.0,HARD,17.0
PIA,McLaren,23.0,0 days 00:01:34.962000,18.0,2.0,HARD,18.0
PIA,McLaren,24.0,0 days 00:01:34.116000,18.0,2.0,HARD,19.0
PIA,McLaren,25.0,0 days 00:01:34.018000,18.0,2.0,HARD,20.0
PIA,McLaren,26.0,0 days 00:01:34.086000,18.0,2.0,HARD,21.0
PIA,McLaren,27.0,0 days 00:01:34.067000,18.0,2.0,HARD,22.0
PIA,McLaren,28.0,0 days 00:01:34.215000,18.0,2.0,HARD,23.0
PIA,McLaren,29.0,0 days 00:01:34.444000,18.0,2.0,HARD,24.0
PIA,McLaren,30.0,0 days 00:01:35.581000,19.0,2.0,HARD,25.0
PIA,McLaren,31.0,0 days 00:01:34.575000,19.0,2.0,HARD,26.0
PIA,McLaren,32.0,0 days 00:01:34.312000,19.0,2.0,HARD,27.0
PIA,McLaren,33.0,0 days 00:01:34.100000,19.0,2.0,HARD,28.0
PIA,McLaren,34.0,0 days 00:01:33.315000,19.0,2.0,HARD,29.0
PIA,McLaren,35.0,0 days 00:01:33.403000,19.0,2.0,HARD,30.0
PIA,McLaren,36.0,0 days 00:01:33.283000,19.0,2.0,HARD,31.0
PIA,McLaren,37.0,0 days 00:01:33.216000,19.0,2.0,HARD,32.0
PIA,McLaren,38.0,0 days 00:01:33.434000,19.0,2.0,HARD,33.0
PIA,McLaren,39.0,0 days 00:01:34.421000,19.0,2.0,HARD,34.0
PIA,McLaren,40.0,0 days 00:01:34.908000,19.0,2.0,HARD,35.0
PIA,McLaren,41.0,0 days 00:01:33.002000,19.0,2.0,HARD,36.0
PIA,McLaren,42.0,0 days 00:01:32.860000,19.0,2.0,HARD,37.0
PIA,McLaren,43.0,0 days 00:01:32.635000,19.0,2.0,HARD,38.0
PIA,McLaren,44.0,0 days 00:01:33.267000,19.0,2.0,HARD,39.0
PIA,McLaren,45.0,0 days 00:01:33.437000,19.0,2.0,HARD,40.0
PIA,McLaren,46.0,0 days 00:01:33.317000,19.0,2.0,HARD,41.0
PIA,McLaren,47.0,0 days 00:01:32.964000,19.0,2.0,HARD,42.0
PIA,McLaren,48.0,0 days 00:01:36.036000,19.0,2.0,HARD,43.0
PIA,McLaren,49.0,0 days 00:01:33.381000,19.0,2.0,HARD,44.0
PIA,McLaren,50.0,0 days 00:01:32.981000,19.0,2.0,HARD,45.0
PIA,McLaren,51.0,0 days 00:01:32.588000,19.0,2.0,HARD,46.0
PIA,McLaren,52.0,0 days 00:01:32.558000,19.0,2.0,HARD,47.0
PIA,McLaren,53.0,0 days 00:01:32.606000,19.0,2.0,HARD,48.0
PIA,McLaren,54.0,0 days 00:01:32.354000,19.0,2.0,HARD,49.0
PIA,McLaren,55.0,0 days 00:01:32.484000,19.0,2.0,HARD,50.0
PIA,McLaren,56.0,0 days 00:01:32.006000,19.0,2.0,HARD,51.0
SAR,Williams,1.0,0 days 00:01:46.841000,18.0,1.0,MEDIUM,1.0
SAR,Williams,2.0,0 days 00:01:41.093000,20.0,1.0,MEDIUM,2.0
SAR,Williams,3.0,0 days 00:02:15.625000,20.0,2.0,HARD,1.0
SAR,Williams,4.0,0 days 00:01:33.587000,20.0,2.0,HARD,2.0
SAR,Williams,5.0,0 days 00:01:33.933000,20.0,2.0,HARD,3.0
SAR,Williams,6.0,0 days 00:01:33.394000,20.0,2.0,HARD,4.0
SAR,Williams,7.0,0 days 00:01:33.670000,20.0,2.0,HARD,5.0
SAR,Williams,8.0,0 days 00:01:33.789000,20.0,2.0,HARD,6.0
SAR,Williams,9.0,0 days 00:01:33.726000,20.0,2.0,HARD,7.0
SAR,Williams,10.0,0 days 00:01:33.394000,20.0,2.0,HARD,8.0
SAR,Williams,11.0,0 days 00:01:33.667000,20.0,2.0,HARD,9.0
SAR,Williams,12.0,0 days 00:01:33.817000,20.0,2.0,HARD,10.0
SAR,Williams,13.0,0 days 00:01:33.681000,20.0,2.0,HARD,11.0
SAR,Williams,14.0,0 days 00:01:33.937000,20.0,2.0,HARD,12.0
SAR,Williams,15.0,0 days 00:01:34.223000,20.0,2.0,HARD,13.0
SAR,Williams,16.0,0 days 00:01:33.748000,20.0,2.0,HARD,14.0
SAR,Williams,17.0,0 days 00:01:33.506000,20.0,2.0,HARD,15.0
SAR,Williams,18.0,0 days 00:01:33.521000,20.0,2.0,HARD,16.0
SAR,Williams,19.0,0 days 00:01:33.607000,20.0,2.0,HARD,17.0
SAR,Williams,20.0,0 days 00:01:33.574000,20.0,2.0,HARD,18.0
SAR,Williams,21.0,0 days 00:01:33.553000,20.0,2.0,HARD,19.0
SAR,Williams,22.0,0 days 00:01:33.384000,20.0,2.0,HARD,20.0
SAR,Williams,23.0,0 days 00:01:33.501000,20.0,2.0,HARD,21.0
SAR,Williams,24.0,0 days 00:01:33.316000,20.0,2.0,HARD,22.0
SAR,Williams,25.0,0 days 00:01:33.578000,20.0,2.0,HARD,23.0
SAR,Williams,26.0,0 days 00:01:33.502000,20.0,2.0,HARD,24.0
SAR,Williams,27.0,0 days 00:01:33.146000,20.0,2.0,HARD,25.0
SAR,Williams,28.0,0 days 00:01:33.361000,20.0,2.0,HARD,26.0
SAR,Williams,29.0,0 days 00:01:33.338000,20.0,2.0,HARD,27.0
SAR,Williams,30.0,0 days 00:01:33.414000,20.0,2.0,HARD,28.0
SAR,Williams,31.0,0 days 00:01:32.890000,20.0,2.0,HARD,29.0
SAR,Williams,32.0,0 days 00:01:34.511000,20.0,2.0,HARD,30.0
SAR,Williams,33.0,0 days 00:01:33.178000,20.0,2.0,HARD,31.0
SAR,Williams,34.0,0 days 00:01:33.103000,20.0,2.0,HARD,32.0
SAR,Williams,35.0,0 days 00:01:32.880000,20.0,2.0,HARD,33.0
SAR,Williams,36.0,0 days 00:01:33.016000,20.0,2.0,HARD,34.0
SAR,Williams,37.0,0 days 00:01:33.317000,20.0,2.0,HARD,35.0
SAR,Williams,38.0,0 days 00:01:32.975000,20.0,2.0,HARD,36.0
SAR,Williams,39.0,0 days 00:01:33.104000,20.0,2.0,HARD,37.0
SAR,Williams,40.0,0 days 00:01:33.181000,20.0,2.0,HARD,38.0
SAR,Williams,41.0,0 days 00:01:34.076000,20.0,2.0,HARD,39.0
SAR,Williams,42.0,0 days 00:01:33.523000,20.0,2.0,HARD,40.0
SAR,Williams,43.0,0 days 00:01:33.378000,20.0,2.0,HARD,41.0
SAR,Williams,44.0,0 days 00:01:32.590000,20.0,2.0,HARD,42.0
SAR,Williams,45.0,0 days 00:01:32.701000,20.0,2.0,HARD,43.0
SAR,Williams,46.0,0 days 00:01:32.790000,20.0,2.0,HARD,44.0
SAR,Williams,47.0,0 days 00:01:32.602000,20.0,2.0,HARD,45.0
SAR,Williams,48.0,0 days 00:01:32.612000,20.0,2.0,HARD,46.0
SAR,Williams,49.0,0 days 00:01:32.727000,20.0,2.0,HARD,47.0
SAR,Williams,50.0,0 days 00:01:32.384000,20.0,2.0,HARD,48.0
SAR,Williams,51.0,0 days 00:01:32.636000,20.0,2.0,HARD,49.0
SAR,Williams,52.0,0 days 00:01:32.622000,20.0,2.0,HARD,50.0
SAR,Williams,53.0,0 days 00:01:34.326000,20.0,2.0,HARD,51.0
SAR,Williams,54.0,0 days 00:01:33.065000,20.0,2.0,HARD,52.0
SAR,Williams,55.0,0 days 00:01:33.375000,20.0,2.0,HARD,53.0
SAR,Williams,56.0,0 days 00:01:34.641000,20.0,2.0,HARD,54.0
